-- --------------------------------------------------------
-- Host:                         127.0.0.1
-- Versión del servidor:         5.7.24 - MySQL Community Server (GPL)
-- SO del servidor:              Win64
-- HeidiSQL Versión:             11.0.0.5919
-- --------------------------------------------------------

/*!40101 SET @OLD_CHARACTER_SET_CLIENT=@@CHARACTER_SET_CLIENT */;
/*!40101 SET NAMES utf8 */;
/*!50503 SET NAMES utf8mb4 */;
/*!40014 SET @OLD_FOREIGN_KEY_CHECKS=@@FOREIGN_KEY_CHECKS, FOREIGN_KEY_CHECKS=0 */;
/*!40101 SET @OLD_SQL_MODE=@@SQL_MODE, SQL_MODE='NO_AUTO_VALUE_ON_ZERO' */;

-- Volcando datos para la tabla facturacion_plasencia.capa_productos: 18 rows
/*!40000 ALTER TABLE `capa_productos` DISABLE KEYS */;
INSERT INTO `capa_productos` (`id_capa`, `capa`, `created_at`, `updated_at`) VALUES
	(1, 'HABANO', '2021-04-08 21:40:31', '2021-04-08 21:40:31'),
	(2, 'MADURO', '2021-04-08 21:40:31', '2021-04-08 21:40:31'),
	(3, 'SUMATRA', '2021-04-08 21:40:31', '2021-04-08 21:40:31'),
	(4, 'CAMEROON', '2021-04-08 21:40:31', '2021-04-08 21:40:31'),
	(5, 'COROJO', '2021-04-08 21:40:31', '2021-04-08 21:40:31'),
	(6, 'CONNECTICUT', '2021-04-08 21:40:31', '2021-04-08 21:40:31'),
	(7, 'CAMEROON NAT', '2021-04-08 21:40:31', '2021-04-08 21:40:31'),
	(8, 'HABANO/OSCURO', '2021-04-08 21:40:31', '2021-04-08 21:40:31'),
	(9, 'HABANO/COL', '2021-04-08 21:40:31', '2021-04-08 21:40:31'),
	(10, 'DOS CAPAS', '2021-04-08 21:40:31', '2021-04-08 21:40:31'),
	(11, 'HABANO/COLORADO', '2021-04-08 21:40:31', '2021-04-08 21:40:31'),
	(12, 'HABANO/CLARO', '2021-04-08 21:40:31', '2021-04-08 21:40:31'),
	(13, 'SUMATRA OSCURO', '2021-04-08 21:40:31', '2021-04-08 21:40:31'),
	(14, 'PENSILVANIA MAD', '2021-04-08 21:40:31', '2021-04-08 21:40:31'),
	(15, 'CANDELA', '2021-04-08 21:40:31', '2021-04-08 21:40:31'),
	(16, 'VARIADO', '2021-04-08 21:40:32', '2021-04-08 21:40:32'),
	(17, 'MADURO PENSILVANIA', '2021-04-08 21:40:32', '2021-04-08 21:40:32'),
	(18, 'HABANO-2000', '2021-04-08 21:40:32', '2021-04-08 21:40:32');
/*!40000 ALTER TABLE `capa_productos` ENABLE KEYS */;

-- Volcando datos para la tabla facturacion_plasencia.categoria: 4 rows
/*!40000 ALTER TABLE `categoria` DISABLE KEYS */;
INSERT INTO `categoria` (`id_categoria`, `categoria`, `created_at`, `updated_at`) VALUES
	(1, 'NEW ROLL', NULL, NULL),
	(2, 'CATALOGO', NULL, NULL),
	(3, 'INVENTARIO EXISTENTE', NULL, NULL),
	(4, 'WAREHOUSE', NULL, NULL);
/*!40000 ALTER TABLE `categoria` ENABLE KEYS */;

-- Volcando datos para la tabla facturacion_plasencia.cellos: 4 rows
/*!40000 ALTER TABLE `cellos` DISABLE KEYS */;
INSERT INTO `cellos` (`id_cello`, `cello`, `anillo`, `upc`, `created_at`, `updated_at`) VALUES
	(1, 'SI', 'SI', 'NO', '2021-04-08 21:40:41', '2021-04-08 21:40:41'),
	(2, 'NO', 'SI', 'NO', '2021-04-08 21:40:41', '2021-04-08 21:40:41'),
	(3, 'SI', 'SI', 'SI', '2021-04-08 21:40:41', '2021-04-08 21:40:41'),
	(4, 'SI', 'NO', 'NO', '2021-04-08 21:40:41', '2021-04-08 21:40:41');
/*!40000 ALTER TABLE `cellos` ENABLE KEYS */;

-- Volcando datos para la tabla facturacion_plasencia.clase_productos: 209 rows
/*!40000 ALTER TABLE `clase_productos` DISABLE KEYS */;
INSERT INTO `clase_productos` (`id_producto`, `item`, `id_capa`, `id_vitola`, `id_nombre`, `id_marca`, `id_cello`, `id_tipo_empaque`, `created_at`, `updated_at`) VALUES
	(1, '02008065', 1, 1, 1, 2, 1, 1, '2021-04-08 22:18:16', '2021-04-08 22:18:16'),
	(2, '02008048', 3, 3, 2, 8, 1, 2, '2021-04-08 22:18:16', '2021-04-08 22:18:16'),
	(3, '00404460', 6, 5, 4, 13, 1, 3, '2021-04-08 22:18:16', '2021-04-08 22:18:16'),
	(4, '00404463', 6, 4, 2, 13, 1, 3, '2021-04-08 22:18:16', '2021-04-08 22:18:16'),
	(5, '00404451', 1, 2, 1, 13, 1, 3, '2021-04-08 22:18:16', '2021-04-08 22:18:16'),
	(6, '00110196', 3, 12, 13, 52, 1, 7, '2021-04-08 22:18:17', '2021-04-08 22:18:17'),
	(7, '99000040220', 1, 2, 1, 53, 1, 10, '2021-04-08 22:18:17', '2021-04-08 22:18:17'),
	(8, '00508015', 5, 11, 12, 51, 1, 4, '2021-04-08 22:18:17', '2021-04-08 22:18:17'),
	(9, '00508016', 2, 11, 12, 51, 1, 4, '2021-04-08 22:18:17', '2021-04-08 22:18:17'),
	(10, '47801009', 6, 2, 1, 54, 1, 10, '2021-04-08 22:18:17', '2021-04-08 22:18:17'),
	(11, '47003001', 6, 1, 15, 55, 1, 11, '2021-04-08 22:18:17', '2021-04-08 22:18:17'),
	(12, '01606866', 6, 2, 1, 56, 1, 7, '2021-04-08 22:18:17', '2021-04-08 22:18:17'),
	(13, '01606867', 6, 4, 2, 56, 1, 7, '2021-04-08 22:18:17', '2021-04-08 22:18:17'),
	(14, '01606875', 6, 4, 2, 56, 1, 12, '2021-04-08 22:18:17', '2021-04-08 22:18:17'),
	(15, '01606872', 6, 4, 2, 56, 1, 11, '2021-04-08 22:18:17', '2021-04-08 22:18:17'),
	(16, '603006600', 3, 2, 1, 56, 1, 7, '2021-04-08 22:18:17', '2021-04-08 22:18:17'),
	(17, '603006603', 3, 9, 11, 56, 1, 7, '2021-04-08 22:18:17', '2021-04-08 22:18:17'),
	(18, '01606865', 6, 9, 11, 56, 1, 7, '2021-04-08 22:18:17', '2021-04-08 22:18:17'),
	(19, '47801892', 1, 9, 16, 57, 1, 9, '2021-04-08 22:18:17', '2021-04-08 22:18:17'),
	(20, '47801803', 1, 13, 4, 58, 1, 7, '2021-04-08 22:18:17', '2021-04-08 22:18:17'),
	(21, '01104000', 2, 4, 3, 59, 3, 13, '2021-04-08 22:18:17', '2021-04-08 22:18:17'),
	(22, '47801421', 8, 4, 2, 60, 1, 10, '2021-04-08 22:18:17', '2021-04-08 22:18:17'),
	(23, '00904038', 2, 4, 2, 51, 1, 14, '2021-04-08 22:18:17', '2021-04-08 22:18:17'),
	(24, '00505003', 2, 4, 14, 51, 3, 7, '2021-04-08 22:18:17', '2021-04-08 22:18:17'),
	(25, '00605003', 2, 14, 17, 51, 3, 13, '2021-04-08 22:18:17', '2021-04-08 22:18:17'),
	(26, '00231000', 3, 15, 18, 62, 1, 15, '2021-04-08 22:18:17', '2021-04-08 22:18:17'),
	(27, '12503002', 2, 4, 2, 63, 1, 7, '2021-04-08 22:18:17', '2021-04-08 22:18:17'),
	(28, '13099006', 1, 3, 3, 64, 1, 7, '2021-04-08 22:18:17', '2021-04-08 22:18:17'),
	(29, '13099010', 6, 3, 3, 65, 1, 7, '2021-04-08 22:18:17', '2021-04-08 22:18:17'),
	(30, '12403004', 6, 3, 2, 66, 1, 7, '2021-04-08 22:18:17', '2021-04-08 22:18:17'),
	(31, '1240300101', 6, 3, 2, 66, 1, 10, '2021-04-08 22:18:17', '2021-04-08 22:18:17'),
	(32, '10104113', 3, 6, 19, 67, 1, 7, '2021-04-08 22:18:17', '2021-04-08 22:18:17'),
	(33, '13099014', 3, 3, 3, 68, 1, 7, '2021-04-08 22:18:17', '2021-04-08 22:18:17'),
	(34, '13099016', 3, 4, 20, 68, 1, 7, '2021-04-08 22:18:17', '2021-04-08 22:18:17'),
	(35, '12403008', 5, 4, 21, 69, 1, 7, '2021-04-08 22:18:17', '2021-04-08 22:18:17'),
	(36, '10504026', 3, 16, 14, 70, 1, 7, '2021-04-08 22:18:17', '2021-04-08 22:18:17'),
	(37, '10504019', 6, 16, 14, 70, 1, 7, '2021-04-08 22:18:17', '2021-04-08 22:18:17'),
	(38, '00110086', 3, 3, 21, 71, 1, 7, '2021-04-08 22:18:17', '2021-04-08 22:18:17'),
	(39, '12506001', 1, 4, 2, 61, 1, 16, '2021-04-08 22:18:17', '2021-04-08 22:18:17'),
	(40, '12506020', 1, 4, 2, 61, 1, 7, '2021-04-08 22:18:17', '2021-04-08 22:18:17'),
	(41, '00110283', 2, 9, 11, 72, 1, 10, '2021-04-08 22:18:17', '2021-04-08 22:18:17'),
	(42, '00110284', 6, 9, 11, 72, 1, 10, '2021-04-08 22:18:17', '2021-04-08 22:18:17'),
	(43, '10504032', 3, 9, 11, 70, 1, 7, '2021-04-08 22:18:17', '2021-04-08 22:18:17'),
	(44, '10504030', 6, 9, 11, 70, 1, 7, '2021-04-08 22:18:17', '2021-04-08 22:18:17'),
	(45, '00508017', 6, 11, 12, 73, 1, 4, '2021-04-08 22:18:17', '2021-04-08 22:18:17'),
	(46, '00904021', 5, 3, 3, 74, 3, 7, '2021-04-08 22:18:17', '2021-04-08 22:18:17'),
	(47, '10504022', 2, 16, 14, 70, 1, 7, '2021-04-08 22:18:17', '2021-04-08 22:18:17'),
	(48, '10504031', 2, 9, 11, 70, 1, 7, '2021-04-08 22:18:17', '2021-04-08 22:18:17'),
	(49, '11707001', 9, 15, 22, 75, 4, 17, '2021-04-08 22:18:17', '2021-04-08 22:18:17'),
	(50, '10499063', 8, 4, 2, 76, 1, 9, '2021-04-08 22:18:17', '2021-04-08 22:18:17'),
	(51, '01606871', 6, 2, 1, 56, 1, 11, '2021-04-08 22:18:17', '2021-04-08 22:18:17'),
	(52, '01606870', 6, 9, 11, 56, 1, 11, '2021-04-08 22:18:17', '2021-04-08 22:18:17'),
	(53, '40503013', 2, 18, 24, 51, 3, 11, '2021-04-08 22:18:17', '2021-04-08 22:18:17'),
	(54, '12506012', 1, 4, 2, 61, 1, 11, '2021-04-08 22:18:17', '2021-04-08 22:18:17'),
	(55, '00302002', 6, 19, 25, 86, 1, 7, '2021-04-08 22:18:17', '2021-04-08 22:18:17'),
	(56, '09903021', 6, 2, 1, 87, 1, 10, '2021-04-08 22:18:17', '2021-04-08 22:18:17'),
	(57, '603004002', 1, 4, 3, 88, 1, 7, '2021-04-08 22:18:17', '2021-04-08 22:18:17'),
	(58, '00104102', 6, 16, 14, 89, 1, 7, '2021-04-08 22:18:17', '2021-04-08 22:18:17'),
	(59, '20005002', 3, 3, 21, 90, 3, 7, '2021-04-08 22:18:17', '2021-04-08 22:18:17'),
	(60, '20005001', 3, 3, 3, 90, 3, 7, '2021-04-08 22:18:17', '2021-04-08 22:18:17'),
	(61, '20005007', 3, 9, 26, 90, 1, 7, '2021-04-08 22:18:17', '2021-04-08 22:18:17'),
	(62, '00508022', 10, 9, 11, 91, 1, 7, '2021-04-08 22:18:17', '2021-04-08 22:18:17'),
	(63, '603005751', 1, 4, 2, 92, 1, 4, '2021-04-08 22:18:17', '2021-04-08 22:18:17'),
	(64, '603005750', 1, 2, 1, 92, 1, 4, '2021-04-08 22:18:17', '2021-04-08 22:18:17'),
	(65, '603005752', 1, 9, 11, 92, 1, 4, '2021-04-08 22:18:17', '2021-04-08 22:18:17'),
	(66, '9900009111', 2, 3, 27, 93, 1, 7, '2021-04-08 22:18:17', '2021-04-08 22:18:17'),
	(67, '9900009112', 2, 9, 28, 93, 1, 7, '2021-04-08 22:18:17', '2021-04-08 22:18:17'),
	(68, '9900004004', 2, 2, 1, 94, 1, 10, '2021-04-08 22:18:17', '2021-04-08 22:18:17'),
	(69, '9900004020', 1, 3, 2, 53, 1, 7, '2021-04-08 22:18:17', '2021-04-08 22:18:17'),
	(70, '01606680', 5, 2, 1, 40, 1, 12, '2021-04-08 22:18:17', '2021-04-08 22:18:17'),
	(71, '01606677', 5, 9, 11, 40, 1, 7, '2021-04-08 22:18:17', '2021-04-08 22:18:17'),
	(72, '01606674', 5, 3, 2, 40, 1, 7, '2021-04-08 22:18:17', '2021-04-08 22:18:17'),
	(73, '009040220', 5, 9, 29, 74, 3, 7, '2021-04-08 22:18:17', '2021-04-08 22:18:17'),
	(74, '01607600', 11, 20, 30, 95, 1, 7, '2021-04-08 22:18:17', '2021-04-08 22:18:17'),
	(75, '01607601', 11, 2, 1, 95, 1, 7, '2021-04-08 22:18:17', '2021-04-08 22:18:17'),
	(76, '01607602', 11, 3, 2, 95, 1, 7, '2021-04-08 22:18:17', '2021-04-08 22:18:17'),
	(77, '01607620', 11, 3, 2, 95, 1, 11, '2021-04-08 22:18:17', '2021-04-08 22:18:17'),
	(78, '01607603', 11, 9, 11, 95, 1, 7, '2021-04-08 22:18:17', '2021-04-08 22:18:17'),
	(79, '01607604', 11, 5, 31, 95, 1, 7, '2021-04-08 22:18:17', '2021-04-08 22:18:17'),
	(80, 'HON-3011', 3, 16, 14, 67, 3, 7, '2021-04-08 22:18:17', '2021-04-08 22:18:17'),
	(81, '00505006', 5, 4, 14, 51, 3, 18, '2021-04-08 22:18:18', '2021-04-08 22:18:18'),
	(82, '00505007', 2, 4, 14, 51, 3, 18, '2021-04-08 22:18:18', '2021-04-08 22:18:18'),
	(83, '00508001', 2, 9, 32, 51, 3, 7, '2021-04-08 22:18:18', '2021-04-08 22:18:18'),
	(84, '00505019', 3, 4, 14, 51, 1, 18, '2021-04-08 22:18:18', '2021-04-08 22:18:18'),
	(85, '00508010', 5, 21, 33, 51, 1, 19, '2021-04-08 22:18:18', '2021-04-08 22:18:18'),
	(86, '00508011', 2, 21, 33, 51, 1, 19, '2021-04-08 22:18:18', '2021-04-08 22:18:18'),
	(87, '00504051', 2, 22, 34, 100, 4, 12, '2021-04-08 22:18:18', '2021-04-08 22:18:18'),
	(88, '12506002', 1, 4, 14, 61, 1, 18, '2021-04-08 22:18:18', '2021-04-08 22:18:18'),
	(89, '12506021', 1, 4, 14, 61, 1, 7, '2021-04-08 22:18:18', '2021-04-08 22:18:18'),
	(90, '10104751', 4, 3, 35, 101, 1, 7, '2021-04-08 22:18:18', '2021-04-08 22:18:18'),
	(91, '10104752', 4, 16, 36, 101, 1, 7, '2021-04-08 22:18:18', '2021-04-08 22:18:18'),
	(92, '10104754', 4, 9, 37, 101, 1, 7, '2021-04-08 22:18:18', '2021-04-08 22:18:18'),
	(93, '10104753', 4, 5, 38, 101, 1, 7, '2021-04-08 22:18:18', '2021-04-08 22:18:18'),
	(94, '13105211', 2, 4, 2, 102, 1, 7, '2021-04-08 22:18:18', '2021-04-08 22:18:18'),
	(95, '13105213', 2, 9, 39, 102, 1, 7, '2021-04-08 22:18:18', '2021-04-08 22:18:18'),
	(96, '00504044', 2, 4, 14, 51, 1, 11, '2021-04-08 22:18:18', '2021-04-08 22:18:18'),
	(97, '00505009', 2, 4, 14, 51, 1, 12, '2021-04-08 22:18:18', '2021-04-08 22:18:18'),
	(98, '00504042', 2, 9, 32, 51, 1, 11, '2021-04-08 22:18:18', '2021-04-08 22:18:18'),
	(99, '47801041', 2, 4, 2, 103, 1, 10, '2021-04-08 22:18:18', '2021-04-08 22:18:18'),
	(100, '00404009', 3, 3, 2, 67, 1, 11, '2021-04-08 22:18:18', '2021-04-08 22:18:18'),
	(101, '13408000', 3, 9, 40, 67, 1, 11, '2021-04-08 22:18:18', '2021-04-08 22:18:18'),
	(102, '12506010', 1, 4, 2, 61, 1, 12, '2021-04-08 22:18:18', '2021-04-08 22:18:18'),
	(103, '12506011', 1, 4, 14, 61, 1, 12, '2021-04-08 22:18:18', '2021-04-08 22:18:18'),
	(104, '15205521', 12, 4, 2, 104, 1, 11, '2021-04-08 22:18:18', '2021-04-08 22:18:18'),
	(105, '12003053', 1, 9, 11, 105, 1, 7, '2021-04-08 22:18:18', '2021-04-08 22:18:18'),
	(106, '001105003', 3, 5, 4, 106, 1, 7, '2021-04-08 22:18:18', '2021-04-08 22:18:18'),
	(107, '001105001', 3, 23, 30, 106, 1, 7, '2021-04-08 22:18:18', '2021-04-08 22:18:18'),
	(108, '19904005', 6, 3, 2, 107, 1, 7, '2021-04-08 22:18:18', '2021-04-08 22:18:18'),
	(109, '13205003', 6, 2, 1, 108, 1, 7, '2021-04-08 22:18:18', '2021-04-08 22:18:18'),
	(110, '13205002', 6, 4, 14, 108, 1, 7, '2021-04-08 22:18:18', '2021-04-08 22:18:18'),
	(111, '01604010', 1, 24, 41, 109, 1, 7, '2021-04-08 22:18:18', '2021-04-08 22:18:18'),
	(112, '01604011', 1, 3, 2, 109, 1, 7, '2021-04-08 22:18:18', '2021-04-08 22:18:18'),
	(113, '01606676', 5, 2, 1, 40, 1, 7, '2021-04-08 22:18:18', '2021-04-08 22:18:18'),
	(114, '016006678', 5, 3, 2, 40, 1, 7, '2021-04-08 22:18:18', '2021-04-08 22:18:18'),
	(115, '00904220', 5, 9, 29, 74, 3, 7, '2021-04-08 22:18:18', '2021-04-08 22:18:18'),
	(116, '13105027', 6, 25, 2, 110, 1, 7, '2021-04-08 22:18:18', '2021-04-08 22:18:18'),
	(117, '016007602', 11, 3, 2, 95, 1, 7, '2021-04-08 22:18:18', '2021-04-08 22:18:18'),
	(118, '12503500', 3, 1, 1, 111, 1, 10, '2021-04-08 22:18:18', '2021-04-08 22:18:18'),
	(119, '12503501', 3, 5, 4, 111, 1, 10, '2021-04-08 22:18:18', '2021-04-08 22:18:18'),
	(120, '12503502', 3, 4, 14, 111, 1, 10, '2021-04-08 22:18:18', '2021-04-08 22:18:18'),
	(121, '12503503', 3, 9, 39, 111, 1, 10, '2021-04-08 22:18:18', '2021-04-08 22:18:18'),
	(122, '12503511', 6, 5, 4, 111, 1, 10, '2021-04-08 22:18:18', '2021-04-08 22:18:18'),
	(123, '12503512', 6, 4, 14, 111, 1, 10, '2021-04-08 22:18:18', '2021-04-08 22:18:18'),
	(124, '12503513', 6, 9, 39, 111, 1, 10, '2021-04-08 22:18:18', '2021-04-08 22:18:18'),
	(125, '12503518', 1, 1, 1, 111, 1, 10, '2021-04-08 22:18:18', '2021-04-08 22:18:18'),
	(126, '12503519', 1, 5, 4, 111, 1, 10, '2021-04-08 22:18:18', '2021-04-08 22:18:18'),
	(127, '12503520', 1, 4, 14, 111, 1, 10, '2021-04-08 22:18:18', '2021-04-08 22:18:18'),
	(128, '12503521', 1, 9, 39, 111, 1, 10, '2021-04-08 22:18:18', '2021-04-08 22:18:18'),
	(129, '00110282', 5, 9, 11, 72, 1, 10, '2021-04-08 22:18:18', '2021-04-08 22:18:18'),
	(130, '00404000', 3, 3, 2, 67, 3, 7, '2021-04-08 22:18:18', '2021-04-08 22:18:18'),
	(131, '00408000', 3, 9, 40, 67, 3, 7, '2021-04-08 22:18:18', '2021-04-08 22:18:18'),
	(132, '00303007', 3, 25, 2, 67, 1, 4, '2021-04-08 22:18:18', '2021-04-08 22:18:18'),
	(133, '00405000', 3, 16, 14, 67, 3, 7, '2021-04-08 22:18:18', '2021-04-08 22:18:18'),
	(134, '08503515', 2, 1, 1, 112, 1, 10, '2021-04-08 22:18:18', '2021-04-08 22:18:18'),
	(135, '08503516', 2, 4, 2, 112, 1, 10, '2021-04-08 22:18:18', '2021-04-08 22:18:18'),
	(136, '20018023', 1, 26, 42, 113, 1, 12, '2021-04-08 22:18:18', '2021-04-08 22:18:18'),
	(137, '00504007', 2, 4, 2, 51, 3, 18, '2021-04-08 22:18:18', '2021-04-08 22:18:18'),
	(138, '00505002', 5, 4, 14, 51, 3, 7, '2021-04-08 22:18:18', '2021-04-08 22:18:18'),
	(139, '00505008', 5, 4, 14, 51, 1, 12, '2021-04-08 22:18:18', '2021-04-08 22:18:18'),
	(140, '00504102', 5, 22, 34, 51, 1, 7, '2021-04-08 22:18:18', '2021-04-08 22:18:18'),
	(141, '00504024', 3, 4, 2, 51, 1, 18, '2021-04-08 22:18:18', '2021-04-08 22:18:18'),
	(142, '00504033', 3, 4, 14, 51, 1, 7, '2021-04-08 22:18:18', '2021-04-08 22:18:18'),
	(143, '00504038', 3, 4, 14, 51, 1, 12, '2021-04-08 22:18:18', '2021-04-08 22:18:18'),
	(144, '00508003', 1, 9, 11, 61, 1, 7, '2021-04-08 22:18:18', '2021-04-08 22:18:18'),
	(145, '10104775', 4, 3, 35, 101, 1, 12, '2021-04-08 22:18:18', '2021-04-08 22:18:18'),
	(146, '10104777', 4, 3, 35, 101, 3, 11, '2021-04-08 22:18:18', '2021-04-08 22:18:18'),
	(147, '001105053', 5, 27, 30, 115, 4, 20, '2021-04-08 22:18:18', '2021-04-08 22:18:18'),
	(148, '00503008', 2, 6, 43, 51, 1, 7, '2021-04-08 22:18:18', '2021-04-08 22:18:18'),
	(149, '10104212', 3, 16, 21, 14, 1, 7, '2021-04-08 22:18:18', '2021-04-08 22:18:18'),
	(150, '00712001', 6, 22, 34, 99, 3, 21, '2021-04-08 22:18:18', '2021-04-08 22:18:18'),
	(151, '47801430', 5, 4, 2, 116, 1, 10, '2021-04-08 22:18:18', '2021-04-08 22:18:18'),
	(152, '47801434', 2, 4, 2, 116, 1, 10, '2021-04-08 22:18:18', '2021-04-08 22:18:18'),
	(153, '603004048', 13, 17, 23, 88, 1, 11, '2021-04-08 22:18:18', '2021-04-08 22:18:18'),
	(154, '10104111', 3, 6, 44, 90, 1, 7, '2021-04-08 22:18:18', '2021-04-08 22:18:18'),
	(155, '01004015', 3, 3, 3, 90, 1, 10, '2021-04-08 22:18:18', '2021-04-08 22:18:18'),
	(156, '15212000', 2, 28, 43, 117, 1, 4, '2021-04-08 22:18:18', '2021-04-08 22:18:18'),
	(157, '15212001', 2, 3, 2, 117, 1, 4, '2021-04-08 22:18:18', '2021-04-08 22:18:18'),
	(158, '00704004', 6, 4, 2, 99, 1, 12, '2021-04-08 22:18:18', '2021-04-08 22:18:18'),
	(159, '47006005', 6, 4, 2, 55, 1, 11, '2021-04-08 22:18:18', '2021-04-08 22:18:18'),
	(160, '47006004', 6, 29, 45, 55, 1, 11, '2021-04-08 22:18:18', '2021-04-08 22:18:18'),
	(161, '47117000', 1, 30, 1, 118, 1, 7, '2021-04-08 22:18:19', '2021-04-08 22:18:19'),
	(162, '47117002', 1, 30, 1, 118, 1, 11, '2021-04-08 22:18:19', '2021-04-08 22:18:19'),
	(163, '47801420', 8, 1, 1, 60, 1, 10, '2021-04-08 22:18:19', '2021-04-08 22:18:19'),
	(164, '10499012', 5, 4, 2, 119, 1, 10, '2021-04-08 22:18:19', '2021-04-08 22:18:19'),
	(165, '10499061', 3, 1, 6, 124, 1, 22, '2021-04-08 22:18:19', '2021-04-08 22:18:19'),
	(166, '10499062', 4, 2, 1, 127, 1, 11, '2021-04-08 22:18:19', '2021-04-08 22:18:19'),
	(167, '11812003', 6, 31, 4, 132, 1, 7, '2021-04-08 22:18:19', '2021-04-08 22:18:19'),
	(168, '11812002', 6, 9, 11, 132, 1, 7, '2021-04-08 22:18:19', '2021-04-08 22:18:19'),
	(169, '12003005', 5, 22, 34, 133, 1, 7, '2021-04-08 22:18:19', '2021-04-08 22:18:19'),
	(170, '12005003', 2, 9, 11, 133, 1, 7, '2021-04-08 22:18:19', '2021-04-08 22:18:19'),
	(171, '12005004', 2, 9, 11, 133, 1, 12, '2021-04-08 22:18:19', '2021-04-08 22:18:19'),
	(172, '12005005', 5, 9, 11, 133, 1, 12, '2021-04-08 22:18:19', '2021-04-08 22:18:19'),
	(173, '12003007', 2, 22, 34, 133, 1, 7, '2021-04-08 22:18:19', '2021-04-08 22:18:19'),
	(174, '12104006', 5, 3, 3, 134, 1, 12, '2021-04-08 22:18:19', '2021-04-08 22:18:19'),
	(175, '13403005', 3, 3, 2, 135, 1, 9, '2021-04-08 22:18:19', '2021-04-08 22:18:19'),
	(176, '12003050', 1, 4, 2, 105, 1, 7, '2021-04-08 22:18:19', '2021-04-08 22:18:19'),
	(177, '12003065', 1, 4, 2, 105, 1, 9, '2021-04-08 22:18:19', '2021-04-08 22:18:19'),
	(178, '12003051', 1, 4, 14, 105, 1, 7, '2021-04-08 22:18:19', '2021-04-08 22:18:19'),
	(179, '12003066', 1, 4, 14, 105, 1, 9, '2021-04-08 22:18:19', '2021-04-08 22:18:19'),
	(180, '12003064', 1, 9, 11, 105, 1, 9, '2021-04-08 22:18:19', '2021-04-08 22:18:19'),
	(181, '11707000', 9, 15, 46, 136, 4, 17, '2021-04-08 22:18:19', '2021-04-08 22:18:19'),
	(182, '11707002', 3, 15, 47, 137, 4, 17, '2021-04-08 22:18:19', '2021-04-08 22:18:19'),
	(183, '11707003', 6, 15, 48, 138, 4, 17, '2021-04-08 22:18:19', '2021-04-08 22:18:19'),
	(184, '603004023', 1, 4, 3, 88, 1, 12, '2021-04-08 22:18:19', '2021-04-08 22:18:19'),
	(185, '10504020', 6, 4, 2, 70, 1, 7, '2021-04-08 22:18:19', '2021-04-08 22:18:19'),
	(186, '10504024', 3, 1, 1, 70, 1, 7, '2021-04-08 22:18:19', '2021-04-08 22:18:19'),
	(187, '10504025', 3, 4, 2, 70, 1, 7, '2021-04-08 22:18:19', '2021-04-08 22:18:19'),
	(188, '10504018', 6, 1, 1, 70, 1, 7, '2021-04-08 22:18:19', '2021-04-08 22:18:19'),
	(189, '10504023', 2, 1, 1, 70, 1, 7, '2021-04-08 22:18:19', '2021-04-08 22:18:19'),
	(190, '10504021', 2, 4, 2, 70, 1, 7, '2021-04-08 22:18:19', '2021-04-08 22:18:19'),
	(191, '13105200', 6, 22, 34, 139, 1, 7, '2021-04-08 22:18:19', '2021-04-08 22:18:19'),
	(192, '13105201', 6, 32, 49, 139, 1, 7, '2021-04-08 22:18:19', '2021-04-08 22:18:19'),
	(193, '13105202', 6, 4, 2, 139, 1, 7, '2021-04-08 22:18:19', '2021-04-08 22:18:19'),
	(194, '13105203', 6, 1, 1, 139, 1, 7, '2021-04-08 22:18:19', '2021-04-08 22:18:19'),
	(195, '13105204', 6, 9, 39, 139, 1, 7, '2021-04-08 22:18:19', '2021-04-08 22:18:19'),
	(196, '13105205', 6, 33, 30, 139, 1, 7, '2021-04-08 22:18:19', '2021-04-08 22:18:19'),
	(197, '13105206', 6, 4, 14, 139, 1, 7, '2021-04-08 22:18:19', '2021-04-08 22:18:19'),
	(198, '01105003', 3, 5, 4, 106, 1, 7, '2021-04-08 22:18:19', '2021-04-08 22:18:19'),
	(199, '001105004', 3, 4, 2, 106, 1, 7, '2021-04-08 22:18:19', '2021-04-08 22:18:19'),
	(200, '001105002', 3, 1, 1, 106, 1, 7, '2021-04-08 22:18:19', '2021-04-08 22:18:19'),
	(201, '13099007', 1, 5, 38, 64, 1, 7, '2021-04-08 22:18:19', '2021-04-08 22:18:19'),
	(202, '13099005', 1, 1, 1, 64, 1, 7, '2021-04-08 22:18:19', '2021-04-08 22:18:19'),
	(203, '13099008', 1, 4, 50, 64, 1, 7, '2021-04-08 22:18:19', '2021-04-08 22:18:19'),
	(204, '13099011', 6, 5, 38, 65, 1, 7, '2021-04-08 22:18:19', '2021-04-08 22:18:19'),
	(205, '13099009', 6, 1, 1, 65, 1, 7, '2021-04-08 22:18:19', '2021-04-08 22:18:19'),
	(206, '13099012', 6, 4, 50, 65, 1, 7, '2021-04-08 22:18:19', '2021-04-08 22:18:19'),
	(207, '13099013', 3, 1, 6, 68, 1, 7, '2021-04-08 22:18:19', '2021-04-08 22:18:19'),
	(208, '13099015', 3, 5, 51, 68, 1, 7, '2021-04-08 22:18:19', '2021-04-08 22:18:19'),
	(209, '21432423', 1, 1, 2, 2, 1, 1, NULL, NULL);
/*!40000 ALTER TABLE `clase_productos` ENABLE KEYS */;

-- Volcando datos para la tabla facturacion_plasencia.detalle_clase_productos: 3 rows
/*!40000 ALTER TABLE `detalle_clase_productos` DISABLE KEYS */;
INSERT INTO `detalle_clase_productos` (`id_producto`, `item`, `id_capa`, `id_vitola`, `id_nombre`, `id_marca`, `id_cello`, `id_tipo_empaque`, `otra_descripcion`, `created_at`, `updated_at`) VALUES
	(210, '02008065', 5, 1, 2, 14, 4, 1, '8787', NULL, NULL),
	(211, '02008065', 5, 1, 2, 14, 4, 1, 'HIH', NULL, NULL),
	(212, '02008048', 5, 1, 2, 14, 4, 1, 'HIH', NULL, NULL);
/*!40000 ALTER TABLE `detalle_clase_productos` ENABLE KEYS */;

-- Volcando datos para la tabla facturacion_plasencia.marca_productos: 236 rows
/*!40000 ALTER TABLE `marca_productos` DISABLE KEYS */;
INSERT INTO `marca_productos` (`id_marca`, `marca`, `created_at`, `updated_at`) VALUES
	(1, 'PENDIENTE ', '2021-04-08 21:40:35', '2021-04-08 21:40:35'),
	(2, 'RP HONDURAN ROBUSTO 2015 SAMPLER 20TH ANNIVERSARY', '2021-04-08 21:40:35', '2021-04-08 21:40:35'),
	(3, 'RP HONDURAN ROBUSTO 2015 SAMPLER SUNGROWN  TVC', '2021-04-08 21:40:35', '2021-04-08 21:40:35'),
	(4, 'RP HONDURAN ROBUSTO 2015 SAMPLER DECADE', '2021-04-08 21:40:35', '2021-04-08 21:40:35'),
	(5, 'RP HONDURAN ROBUSTO 2015 SAMPLER DECADE CAMEROON', '2021-04-08 21:40:35', '2021-04-08 21:40:35'),
	(6, 'RP HONDURAN ROBUSTO 2015 SAMPLER SUNGROWN ', '2021-04-08 21:40:35', '2021-04-08 21:40:35'),
	(7, 'RP HONDURAN ROBUSTO 2015 SAMPLER SUPER LIGERO', '2021-04-08 21:40:35', '2021-04-08 21:40:35'),
	(8, 'RP HUMIDOR SELECTION GIFT PACK BURN', '2021-04-08 21:40:35', '2021-04-08 21:40:35'),
	(9, 'RP HUMIDOR SELECTION GIFT PACK DECADE', '2021-04-08 21:40:35', '2021-04-08 21:40:35'),
	(10, 'RP HUMIDOR SELECTION GIFT PACK EDGE', '2021-04-08 21:40:35', '2021-04-08 21:40:35'),
	(11, 'RP HUMIDOR SELECTION GIFT PACK O.W.R.', '2021-04-08 21:40:35', '2021-04-08 21:40:35'),
	(12, 'RP HUMIDOR SELECTION GIFT PACK SUNGROWN', '2021-04-08 21:40:35', '2021-04-08 21:40:35'),
	(13, 'RP ULTIMATE', '2021-04-08 21:40:35', '2021-04-08 21:40:35'),
	(14, 'Vintage 1992', '2021-04-08 21:40:35', '2021-04-08 21:40:35'),
	(15, 'Vintage 1990', '2021-04-08 21:40:35', '2021-04-08 21:40:35'),
	(16, 'RP Special Edition Robusto 95 Rated Selecction Decada', '2021-04-08 21:40:35', '2021-04-08 21:40:35'),
	(17, 'RP Special Edition Robusto 95 Rated Selecction 15th Anniversary tvc-1768', '2021-04-08 21:40:35', '2021-04-08 21:40:35'),
	(18, 'RP Special Edition Robusto 95 Rated Selecction  Sungrown', '2021-04-08 21:40:35', '2021-04-08 21:40:35'),
	(19, 'RP Special Edition Robusto 95 Rated Selecction  Xen Nish Patel tvc-1768', '2021-04-08 21:40:35', '2021-04-08 21:40:35'),
	(20, 'RP Special Edition Robusto 95 Rated Selecction Vintage 1990', '2021-04-08 21:40:35', '2021-04-08 21:40:35'),
	(21, 'RP Special Edition Robusto 95 Rated Selecction Vintage 1999', '2021-04-08 21:40:35', '2021-04-08 21:40:35'),
	(22, 'RP Special Edition 95 Rated Sampler Decada', '2021-04-08 21:40:35', '2021-04-08 21:40:35'),
	(23, 'RP Special Edition 95 Rated Sampler 15TH Anniversary', '2021-04-08 21:40:35', '2021-04-08 21:40:35'),
	(24, 'RP Special Edition 95 Rated Sampler  Sungrown', '2021-04-08 21:40:35', '2021-04-08 21:40:35'),
	(25, 'RP Special Edition 95 Rated Sampler Vintage 1990', '2021-04-08 21:40:35', '2021-04-08 21:40:35'),
	(26, 'RP Special Edition 95 Rated Sampler Vintage 1999', '2021-04-08 21:40:35', '2021-04-08 21:40:35'),
	(27, 'RP Signature Series  Sampler RP Sungrown', '2021-04-08 21:40:35', '2021-04-08 21:40:35'),
	(28, 'RP Signature Series  Sampler RP Royale', '2021-04-08 21:40:35', '2021-04-08 21:40:35'),
	(29, 'RP Signature Series  Sampler RP Fifty', '2021-04-08 21:40:35', '2021-04-08 21:40:35'),
	(30, 'RP Signature Series  Sampler 20th Anniversary', '2021-04-08 21:40:35', '2021-04-08 21:40:35'),
	(31, 'RP Signature Series  Sampler Hamlet Tabaquero', '2021-04-08 21:40:35', '2021-04-08 21:40:35'),
	(32, 'RP Special Edition 95 Rated Sampler Sungrown', '2021-04-08 21:40:35', '2021-04-08 21:40:35'),
	(33, 'RP Special Edition 95 Rated Sampler Xen by Nish', '2021-04-08 21:40:35', '2021-04-08 21:40:35'),
	(34, 'RP Robusto Sampler 2015 Decada', '2021-04-08 21:40:35', '2021-04-08 21:40:35'),
	(35, 'RP Robusto Sampler 2015 15TH Anniversary', '2021-04-08 21:40:35', '2021-04-08 21:40:35'),
	(36, 'RP Robusto Sampler 2015 Sungrown', '2021-04-08 21:40:35', '2021-04-08 21:40:35'),
	(37, 'RP Robusto Sampler 2015 Vintage 1990', '2021-04-08 21:40:35', '2021-04-08 21:40:35'),
	(38, 'RP Robusto Sampler 2015 Vintage 1999', '2021-04-08 21:40:35', '2021-04-08 21:40:35'),
	(39, 'RP Robusto Sampler 2015 Royale', '2021-04-08 21:40:35', '2021-04-08 21:40:35'),
	(40, 'Number 6', '2021-04-08 21:40:35', '2021-04-08 21:40:35'),
	(41, 'Freshpacks of 4 RP Honduran Sampler Vintage 1990', '2021-04-08 21:40:35', '2021-04-08 21:40:35'),
	(42, 'Freshpacks of 4 RP Honduran Sampler Decada', '2021-04-08 21:40:35', '2021-04-08 21:40:35'),
	(43, 'Freshpacks of 4 RP Honduran Sampler Old World Reserve (Edge)', '2021-04-08 21:40:35', '2021-04-08 21:40:35'),
	(44, 'Freshpacks of 4 RP Honduran Sampler Sungrown', '2021-04-08 21:40:35', '2021-04-08 21:40:35'),
	(45, 'Vintage Robusto 90,99.03 Sampler Vintage 1990', '2021-04-08 21:40:35', '2021-04-08 21:40:35'),
	(46, 'Vintage Robusto 90,99.03 Sampler Vintage 1999', '2021-04-08 21:40:35', '2021-04-08 21:40:35'),
	(47, 'Vintage Robusto 90,99.03 Sampler VINTAGE 2003', '2021-04-08 21:40:35', '2021-04-08 21:40:35'),
	(48, 'Decada RP Zipper Humidor', '2021-04-08 21:40:35', '2021-04-08 21:40:35'),
	(49, 'Number 6 RP Zipper Humidor Case', '2021-04-08 21:40:35', '2021-04-08 21:40:35'),
	(50, 'Cuban Blend Fuma', '2021-04-08 21:40:35', '2021-04-08 21:40:35'),
	(51, 'The Edge', '2021-04-08 21:40:35', '2021-04-08 21:40:35'),
	(52, 'Club Rex', '2021-04-08 21:40:35', '2021-04-08 21:40:35'),
	(53, 'La Palina Bronze Label', '2021-04-08 21:40:35', '2021-04-08 21:40:35'),
	(54, 'Connecticut Rocky Patel Mega Sampler', '2021-04-08 21:40:35', '2021-04-08 21:40:35'),
	(55, 'Limited Reserve', '2021-04-08 21:40:35', '2021-04-08 21:40:35'),
	(56, 'RP Freedom ', '2021-04-08 21:40:35', '2021-04-08 21:40:35'),
	(57, 'RP Imperial', '2021-04-08 21:40:35', '2021-04-08 21:40:35'),
	(58, 'RP Strada', '2021-04-08 21:40:35', '2021-04-08 21:40:35'),
	(59, 'Super Fuerte', '2021-04-08 21:40:35', '2021-04-08 21:40:35'),
	(60, 'Vintage 2006 Fuma', '2021-04-08 21:40:35', '2021-04-08 21:40:35'),
	(61, 'The Edge Nicaragua', '2021-04-08 21:40:35', '2021-04-08 21:40:35'),
	(62, 'Junior Vintage 1992', '2021-04-08 21:40:35', '2021-04-08 21:40:35'),
	(63, 'Shockoe Valley', '2021-04-08 21:40:35', '2021-04-08 21:40:35'),
	(64, 'Davidus Antietam', '2021-04-08 21:40:35', '2021-04-08 21:40:35'),
	(65, 'Davidus Fredericktown', '2021-04-08 21:40:35', '2021-04-08 21:40:35'),
	(66, 'Nick Cigar World 10 Anivereary', '2021-04-08 21:40:35', '2021-04-08 21:40:35'),
	(67, 'Sungrown', '2021-04-08 21:40:35', '2021-04-08 21:40:35'),
	(68, 'Davidus PL Monocacy', '2021-04-08 21:40:35', '2021-04-08 21:40:35'),
	(69, 'Marquette 77', '2021-04-08 21:40:35', '2021-04-08 21:40:35'),
	(70, 'Bealle Street', '2021-04-08 21:40:35', '2021-04-08 21:40:35'),
	(71, 'Black Warrior', '2021-04-08 21:40:35', '2021-04-08 21:40:35'),
	(72, 'Smoker Friendly', '2021-04-08 21:40:35', '2021-04-08 21:40:35'),
	(73, 'The Edge Lite', '2021-04-08 21:40:35', '2021-04-08 21:40:35'),
	(74, 'Old World Reserve (Edge)', '2021-04-08 21:40:35', '2021-04-08 21:40:35'),
	(75, 'Junior Vintage 1990 2da', '2021-04-08 21:40:35', '2021-04-08 21:40:35'),
	(76, 'CI/RP 10 Cigar Cover Sampler RP Broadleaf', '2021-04-08 21:40:35', '2021-04-08 21:40:35'),
	(77, 'CI/RP 10 Cigar Cover Sampler Connecticut Rocky Patel', '2021-04-08 21:40:35', '2021-04-08 21:40:35'),
	(78, 'CI/RP 10 Cigar Cover Sampler Royal vintage By RP', '2021-04-08 21:40:35', '2021-04-08 21:40:35'),
	(79, 'CI/RP 10 Cigar Cover Sampler The Edge', '2021-04-08 21:40:35', '2021-04-08 21:40:35'),
	(80, 'CI/RP 10 Cigar Cover Sampler Vintage 1990 (GEN-1763)', '2021-04-08 21:40:35', '2021-04-08 21:40:35'),
	(81, 'CI/RP 10 Cigar Cover Sampler Vintage 1999 (GEN-1763)', '2021-04-08 21:40:35', '2021-04-08 21:40:35'),
	(82, 'CI/RP 10 Cigar Cover Sampler VINTAGE 2003', '2021-04-08 21:40:35', '2021-04-08 21:40:35'),
	(83, 'CI/RP 10 Cigar Cover Sampler Super Ligero', '2021-04-08 21:40:35', '2021-04-08 21:40:35'),
	(84, 'CI/RP 10 Cigar Cover Sampler 20th Anniversary', '2021-04-08 21:40:35', '2021-04-08 21:40:35'),
	(85, 'CI/RP 10 Cigar Cover Sampler Vintage 1979 (GEN-1763)', '2021-04-08 21:40:35', '2021-04-08 21:40:35'),
	(86, 'Vintage 1999', '2021-04-08 21:40:35', '2021-04-08 21:40:35'),
	(87, 'Waller´s Premiun Club', '2021-04-08 21:40:35', '2021-04-08 21:40:35'),
	(88, '20th Anniversary', '2021-04-08 21:40:35', '2021-04-08 21:40:35'),
	(89, 'CCF- White Label', '2021-04-08 21:40:35', '2021-04-08 21:40:35'),
	(90, 'Decada', '2021-04-08 21:40:35', '2021-04-08 21:40:35'),
	(91, 'Edge 10th Anniversary', '2021-04-08 21:40:35', '2021-04-08 21:40:35'),
	(92, 'Grand Reserve Red Label', '2021-04-08 21:40:35', '2021-04-08 21:40:35'),
	(93, 'La Palina Anniversary', '2021-04-08 21:40:35', '2021-04-08 21:40:35'),
	(94, 'La Palina Black Label', '2021-04-08 21:40:35', '2021-04-08 21:40:35'),
	(95, 'RP LB1', '2021-04-08 21:40:35', '2021-04-08 21:40:35'),
	(96, 'Sampler 4 Count Pack The Edge', '2021-04-08 21:40:35', '2021-04-08 21:40:35'),
	(97, 'Sampler 4 Count Pack  The Edge Nicaragua', '2021-04-08 21:40:35', '2021-04-08 21:40:35'),
	(98, 'Sampler 4 Count Pack  The Edge', '2021-04-08 21:40:35', '2021-04-08 21:40:35'),
	(99, 'The Edge Connecticut', '2021-04-08 21:40:35', '2021-04-08 21:40:35'),
	(100, 'The Edge F/Second', '2021-04-08 21:40:35', '2021-04-08 21:40:35'),
	(101, 'VINTAGE 2003', '2021-04-08 21:40:35', '2021-04-08 21:40:35'),
	(102, 'Zeus by Humidour', '2021-04-08 21:40:35', '2021-04-08 21:40:35'),
	(103, 'The Edge Fuma', '2021-04-08 21:40:35', '2021-04-08 21:40:35'),
	(104, 'Wall Street', '2021-04-08 21:40:35', '2021-04-08 21:40:35'),
	(105, 'The Edge Nicaraguan', '2021-04-08 21:40:35', '2021-04-08 21:40:35'),
	(106, 'Caucus', '2021-04-08 21:40:35', '2021-04-08 21:40:35'),
	(107, 'Desiena 312', '2021-04-08 21:40:35', '2021-04-08 21:40:35'),
	(108, 'Leesburg LCP', '2021-04-08 21:40:35', '2021-04-08 21:40:35'),
	(109, 'Nording', '2021-04-08 21:40:35', '2021-04-08 21:40:35'),
	(110, 'Pablo Martin', '2021-04-08 21:40:35', '2021-04-08 21:40:35'),
	(111, 'RP SunMart (TOH-60-14)', '2021-04-08 21:40:35', '2021-04-08 21:40:35'),
	(112, 'Sungrown FUMA', '2021-04-08 21:40:35', '2021-04-08 21:40:35'),
	(113, 'Super Ligero', '2021-04-08 21:40:35', '2021-04-08 21:40:35'),
	(114, 'Sampler 4 Count Pack The Edge Nicaragua', '2021-04-08 21:40:35', '2021-04-08 21:40:35'),
	(115, 'Kautz', '2021-04-08 21:40:35', '2021-04-08 21:40:35'),
	(116, 'Edge Clone', '2021-04-08 21:40:35', '2021-04-08 21:40:35'),
	(117, 'Dark Dominion', '2021-04-08 21:40:35', '2021-04-08 21:40:35'),
	(118, 'CI Legend', '2021-04-08 21:40:35', '2021-04-08 21:40:35'),
	(119, 'Mega sampler Top Twenty 2015 The Edge', '2021-04-08 21:40:35', '2021-04-08 21:40:35'),
	(120, 'Mega sampler Top Twenty 2015 Super Ligero', '2021-04-08 21:40:35', '2021-04-08 21:40:35'),
	(121, 'Mega sampler Top Twenty 2015 RP Broadleaf', '2021-04-08 21:40:35', '2021-04-08 21:40:35'),
	(122, 'Mega sampler Top Twenty 2015 Vintage 1990', '2021-04-08 21:40:35', '2021-04-08 21:40:35'),
	(123, 'Mega sampler Top Twenty 2015 Royal vintage By RP', '2021-04-08 21:40:35', '2021-04-08 21:40:35'),
	(124, 'RP 15 CIGAR SAMPLER 2018 Decada', '2021-04-08 21:40:35', '2021-04-08 21:40:35'),
	(125, 'RP 15 CIGAR SAMPLER 2018 Sungrown TVC-2577', '2021-04-08 21:40:35', '2021-04-08 21:40:35'),
	(126, 'RP 15 CIGAR SAMPLER 2018 Vintage 1990 GEN-1779 FZT', '2021-04-08 21:40:35', '2021-04-08 21:40:35'),
	(127, 'RP Vintage 5-Star Sampler Vintage 2003', '2021-04-08 21:40:35', '2021-04-08 21:40:35'),
	(128, 'RP Vintage 5-Star Sampler Vintage 1990 (GEN-1780 FZT)', '2021-04-08 21:40:35', '2021-04-08 21:40:35'),
	(129, 'RP Vintage 5-Star Sampler Vintage 1992 (GEN-1780 FZT)', '2021-04-08 21:40:35', '2021-04-08 21:40:35'),
	(130, 'RP Vintage 5-Star Sampler Vintage 1996 (GEN-1780 FZT)', '2021-04-08 21:40:35', '2021-04-08 21:40:35'),
	(131, 'RP Vintage 5-Star Sampler Vintage 2006 (GEN-1780 FZT)', '2021-04-08 21:40:35', '2021-04-08 21:40:35'),
	(132, 'American Market Selection', '2021-04-08 21:40:35', '2021-04-08 21:40:35'),
	(133, 'Cuban Blend', '2021-04-08 21:40:35', '2021-04-08 21:40:35'),
	(134, 'Honduran Classic', '2021-04-08 21:40:35', '2021-04-08 21:40:35'),
	(135, 'Rosado', '2021-04-08 21:40:35', '2021-04-08 21:40:35'),
	(136, 'Junior Sungrown 2da', '2021-04-08 21:40:35', '2021-04-08 21:40:35'),
	(137, 'Junior Vintage 1992 2da', '2021-04-08 21:40:35', '2021-04-08 21:40:35'),
	(138, 'Junior Vintage 1999 2da', '2021-04-08 21:40:35', '2021-04-08 21:40:35'),
	(139, 'Bella Camella', '2021-04-08 21:40:35', '2021-04-08 21:40:35'),
	(140, 'Jon Carlos', '2021-04-08 21:40:35', '2021-04-08 21:40:35'),
	(141, 'Junior Vintage 1990', '2021-04-08 21:40:35', '2021-04-08 21:40:35'),
	(142, 'Meritage', '2021-04-08 21:40:35', '2021-04-08 21:40:35'),
	(143, 'Renegade Connecticut', '2021-04-08 21:40:35', '2021-04-08 21:40:35'),
	(144, 'The Edge Seleccion', '2021-04-08 21:40:35', '2021-04-08 21:40:35'),
	(145, 'World Famous Cigar Bar', '2021-04-08 21:40:35', '2021-04-08 21:40:35'),
	(146, 'Rosado Fuma', '2021-04-08 21:40:35', '2021-04-08 21:40:35'),
	(147, 'Royal vintage By RP', '2021-04-08 21:40:35', '2021-04-08 21:40:35'),
	(148, 'The Edge Fuma NEWBORNE', '2021-04-08 21:40:35', '2021-04-08 21:40:35'),
	(149, 'AMS Fuma', '2021-04-08 21:40:35', '2021-04-08 21:40:35'),
	(150, 'Vintage 1999 Clones', '2021-04-08 21:40:35', '2021-04-08 21:40:35'),
	(151, 'ITC Emerald', '2021-04-08 21:40:35', '2021-04-08 21:40:35'),
	(152, 'RP Broadleaf', '2021-04-08 21:40:35', '2021-04-08 21:40:35'),
	(153, 'Vintage 2003 Fuma', '2021-04-08 21:40:35', '2021-04-08 21:40:35'),
	(154, 'RP Vintage 5-Star Sampler Vintage 1990 GEN-1787', '2021-04-08 21:40:35', '2021-04-08 21:40:35'),
	(155, 'RP Vintage 5-Star Sampler Vintage 1992 GEN-1787', '2021-04-08 21:40:35', '2021-04-08 21:40:35'),
	(156, 'RP Vintage 5-Star Sampler Vintage 1999 GEN-1787', '2021-04-08 21:40:35', '2021-04-08 21:40:35'),
	(157, 'RP Vintage 5-Star Sampler Vintage 2006 GEN-1787', '2021-04-08 21:40:35', '2021-04-08 21:40:35'),
	(158, 'Junior Sungrown', '2021-04-08 21:40:35', '2021-04-08 21:40:35'),
	(159, 'Junior Vintage 1999', '2021-04-08 21:40:35', '2021-04-08 21:40:35'),
	(160, 'Junior Vintage 2003', '2021-04-08 21:40:35', '2021-04-08 21:40:35'),
	(161, 'RP Factory Over- Runs-E (edge)', '2021-04-08 21:40:35', '2021-04-08 21:40:35'),
	(162, 'RP Rejectes # 1', '2021-04-08 21:40:35', '2021-04-08 21:40:35'),
	(163, 'Dober´s Society', '2021-04-08 21:40:35', '2021-04-08 21:40:35'),
	(164, 'The Pharaoh (TOH-60-14)', '2021-04-08 21:40:35', '2021-04-08 21:40:35'),
	(165, 'Olde World Reserve Fuma Corojo', '2021-04-08 21:40:35', '2021-04-08 21:40:35'),
	(166, '20th Anniversary Fuma', '2021-04-08 21:40:35', '2021-04-08 21:40:35'),
	(167, 'Gold Maduro By RP', '2021-04-08 21:40:35', '2021-04-08 21:40:35'),
	(168, 'Connecticut Rocky Patel', '2021-04-08 21:40:35', '2021-04-08 21:40:35'),
	(169, 'CI Big Ring Sampler 2015 Super Fuerte', '2021-04-08 21:40:35', '2021-04-08 21:40:35'),
	(170, 'CI Big Ring Sampler 2015 RP Broadleaf', '2021-04-08 21:40:35', '2021-04-08 21:40:35'),
	(171, 'CI Big Ring Sampler 2015 The Edge', '2021-04-08 21:40:35', '2021-04-08 21:40:35'),
	(172, 'CI Big Ring Sampler 2015 RP Royale', '2021-04-08 21:40:35', '2021-04-08 21:40:35'),
	(173, 'CI Mildn Mellow Sampler The Edge Connecticut', '2021-04-08 21:40:35', '2021-04-08 21:40:35'),
	(174, 'CI Mildn Mellow Sampler  Vintage 1999', '2021-04-08 21:40:35', '2021-04-08 21:40:35'),
	(175, 'CI Mildn Mellow Sampler  Connecticut Rocky Patel', '2021-04-08 21:40:35', '2021-04-08 21:40:35'),
	(176, 'RP Connecticut Fuma', '2021-04-08 21:40:35', '2021-04-08 21:40:35'),
	(177, 'Cargo By RP', '2021-04-08 21:40:35', '2021-04-08 21:40:35'),
	(178, 'RP/Santa clara vintage short gordo VINTAGE 1990 GEN-1798 ', '2021-04-08 21:40:35', '2021-04-08 21:40:35'),
	(179, 'RP/Santa clara vintage short gordo VINTAGE 2003', '2021-04-08 21:40:35', '2021-04-08 21:40:35'),
	(180, 'RP/Santa clara vintage short gordo VINTAGE 2006  TVC-2620FZT', '2021-04-08 21:40:35', '2021-04-08 21:40:35'),
	(181, 'RP Factory Over- Runs-E (edge lite)', '2021-04-08 21:40:35', '2021-04-08 21:40:35'),
	(182, 'RP Factory Over- Runs-S (Sungrown)', '2021-04-08 21:40:35', '2021-04-08 21:40:35'),
	(183, 'Extreme', '2021-04-08 21:40:35', '2021-04-08 21:40:35'),
	(184, 'La Conquista', '2021-04-08 21:40:36', '2021-04-08 21:40:36'),
	(185, 'Garage Blend', '2021-04-08 21:40:36', '2021-04-08 21:40:36'),
	(186, 'Old World Reserve', '2021-04-08 21:40:36', '2021-04-08 21:40:36'),
	(187, 'Martinique ', '2021-04-08 21:40:36', '2021-04-08 21:40:36'),
	(188, 'MUESTRAS', '2021-04-08 21:40:36', '2021-04-08 21:40:36'),
	(189, '15th Anniversary Fuma', '2021-04-08 21:40:36', '2021-04-08 21:40:36'),
	(190, 'Badge 282', '2021-04-08 21:40:36', '2021-04-08 21:40:36'),
	(191, 'Cameroon By RP', '2021-04-08 21:40:36', '2021-04-08 21:40:36'),
	(192, 'Mega Sampler Connecticut Rocky Patel', '2021-04-08 21:40:36', '2021-04-08 21:40:36'),
	(193, 'RP Famous Fuma Sampler Cuban Blend Fuma', '2021-04-08 21:40:36', '2021-04-08 21:40:36'),
	(194, 'RP Famous Fuma Sampler AMS Fuma', '2021-04-08 21:40:36', '2021-04-08 21:40:36'),
	(195, 'RP Famous Fuma SamplerRosado Fuma', '2021-04-08 21:40:36', '2021-04-08 21:40:36'),
	(196, 'RP Famous Fuma Sampler Sungrown FUMA', '2021-04-08 21:40:36', '2021-04-08 21:40:36'),
	(197, 'RP/CI Rated 93 5-Star Sampler Decada', '2021-04-08 21:40:36', '2021-04-08 21:40:36'),
	(198, 'RP/CI Rated 93 5-Star Sampler Sungrown (TVC-2653)', '2021-04-08 21:40:36', '2021-04-08 21:40:36'),
	(199, 'RP/CI Rated 93 5-Star Sampler Royale (TVC-2653)', '2021-04-08 21:40:36', '2021-04-08 21:40:36'),
	(200, 'RP/CI Rated 93 5-Star Sampler The Edge Nicaragua', '2021-04-08 21:40:36', '2021-04-08 21:40:36'),
	(201, 'RP/CI Rated 93 5-Star Sampler 15th Anniversary (TVC-2634)', '2021-04-08 21:40:36', '2021-04-08 21:40:36'),
	(202, 'CI RP 5-Star Toro Sampler 15th Anniversary (TVC-2654)', '2021-04-08 21:40:36', '2021-04-08 21:40:36'),
	(203, 'CI RP 5-Star Toro Sampler Royale', '2021-04-08 21:40:36', '2021-04-08 21:40:36'),
	(204, 'CI RP 5-Star Toro Sampler Decada', '2021-04-08 21:40:36', '2021-04-08 21:40:36'),
	(205, 'CI RP 5-Star Toro Sampler Vintage 1990', '2021-04-08 21:40:36', '2021-04-08 21:40:36'),
	(206, 'CI RP 5-Star Toro Sampler The Edge', '2021-04-08 21:40:36', '2021-04-08 21:40:36'),
	(207, 'Decada Cameroon', '2021-04-08 21:40:36', '2021-04-08 21:40:36'),
	(208, 'Decade Limitada', '2021-04-08 21:40:36', '2021-04-08 21:40:36'),
	(209, 'Edge Square', '2021-04-08 21:40:36', '2021-04-08 21:40:36'),
	(210, 'El Conejito', '2021-04-08 21:40:36', '2021-04-08 21:40:36'),
	(211, 'Gold By RP', '2021-04-08 21:40:36', '2021-04-08 21:40:36'),
	(212, 'Havana Connections (TOH-60-014)', '2021-04-08 21:40:36', '2021-04-08 21:40:36'),
	(213, 'Island Girl (TOH-60-14)', '2021-04-08 21:40:36', '2021-04-08 21:40:36'),
	(214, 'Ray Lewis', '2021-04-08 21:40:36', '2021-04-08 21:40:36'),
	(215, 'CI/RP Po Boy Sampler RP Connecticut Fuma', '2021-04-08 21:40:36', '2021-04-08 21:40:36'),
	(216, 'CI/RP Po Boy Sampler RP Cargo (TVC-2652)', '2021-04-08 21:40:36', '2021-04-08 21:40:36'),
	(217, 'CI/RP Po Boy Sampler  The Edge Fuma', '2021-04-08 21:40:36', '2021-04-08 21:40:36'),
	(218, 'CI/RP Po Boy Sampler The Edge Fuma', '2021-04-08 21:40:36', '2021-04-08 21:40:36'),
	(219, 'RP Factory Over- Runs-D (Decade f/s)', '2021-04-08 21:40:36', '2021-04-08 21:40:36'),
	(220, 'RP Royale Clone', '2021-04-08 21:40:36', '2021-04-08 21:40:36'),
	(221, 'RP/CI Rated 93 5-Star Sampler Sungrown (TVC-2666)', '2021-04-08 21:40:36', '2021-04-08 21:40:36'),
	(222, 'RP/CI Rated 93 5-Star Sampler Royale (TVC-2666)', '2021-04-08 21:40:36', '2021-04-08 21:40:36'),
	(223, 'RP/CI Rated 93 5-Star Sampler 15th Anniversary (TVC-2666)', '2021-04-08 21:40:36', '2021-04-08 21:40:36'),
	(224, 'CI RP 5-Star Toro Sampler 15th Anniversary (TVC-2666)', '2021-04-08 21:40:36', '2021-04-08 21:40:36'),
	(225, 'CI RP 5-Star Toro Sampler Royale (TVC-2666)', '2021-04-08 21:40:36', '2021-04-08 21:40:36'),
	(226, 'El Mago', '2021-04-08 21:40:36', '2021-04-08 21:40:36'),
	(227, 'Fox Fuma', '2021-04-08 21:40:36', '2021-04-08 21:40:36'),
	(228, 'La Palina Blue Label', '2021-04-08 21:40:36', '2021-04-08 21:40:36'),
	(229, 'La Palina Red Label', '2021-04-08 21:40:36', '2021-04-08 21:40:36'),
	(230, 'La Palina Silver Label', '2021-04-08 21:40:36', '2021-04-08 21:40:36'),
	(231, 'La Sirena', '2021-04-08 21:40:36', '2021-04-08 21:40:36'),
	(232, 'RP - Costa Rica', '2021-04-08 21:40:36', '2021-04-08 21:40:36'),
	(233, 'CI/RP Po Boy Sampler Cargo by RP (TVC-2666)', '2021-04-08 21:40:36', '2021-04-08 21:40:36'),
	(234, 'The Edge JR Version', '2021-04-08 21:40:36', '2021-04-08 21:40:36'),
	(235, 'Sampler Count Pack The Edge', '2021-04-08 21:40:36', '2021-04-08 21:40:36'),
	(236, 'Sampler Count Pack The Edge Nicaragua', '2021-04-08 21:40:36', '2021-04-08 21:40:36');
/*!40000 ALTER TABLE `marca_productos` ENABLE KEYS */;

-- Volcando datos para la tabla facturacion_plasencia.migrations: 13 rows
/*!40000 ALTER TABLE `migrations` DISABLE KEYS */;
INSERT INTO `migrations` (`id`, `migration`, `batch`) VALUES
	(228, '2021_04_05_173706_create_vehicles_table', 1),
	(229, '2021_04_06_165639_create_pedidos_table', 1),
	(230, '2021_04_07_142708_create_pendientes_table', 1),
	(231, '2021_04_07_144520_create_vitola_productos_table', 1),
	(232, '2021_04_07_144600_create_orden_productos_table', 1),
	(233, '2021_04_07_144647_create_marca_productos_table', 1),
	(234, '2021_04_07_144756_create_nombre_productos_table', 1),
	(235, '2021_04_07_144818_create_capa_productos_table', 1),
	(236, '2021_04_07_145308_categoria', 1),
	(237, '2021_04_08_142500_clase_producto', 1),
	(238, '2021_04_08_145445_create_cellos_table', 1),
	(239, '2021_04_08_145514_create_tipo_empaques_table', 1),
	(240, '2021_04_08_221327_detalle_clase_producto', 2);
/*!40000 ALTER TABLE `migrations` ENABLE KEYS */;

-- Volcando datos para la tabla facturacion_plasencia.nombre_productos: 80 rows
/*!40000 ALTER TABLE `nombre_productos` DISABLE KEYS */;
INSERT INTO `nombre_productos` (`id_nombre`, `nombre`, `created_at`, `updated_at`) VALUES
	(1, 'ROBUSTO', '2021-04-08 21:40:39', '2021-04-08 21:40:39'),
	(2, 'TORO', '2021-04-08 21:40:39', '2021-04-08 21:40:39'),
	(3, 'TORO PRESS', '2021-04-08 21:40:39', '2021-04-08 21:40:39'),
	(4, 'CHURCHILL', '2021-04-08 21:40:39', '2021-04-08 21:40:39'),
	(5, 'ROBUSTO RED.', '2021-04-08 21:40:39', '2021-04-08 21:40:39'),
	(6, 'Robusto Press', '2021-04-08 21:40:39', '2021-04-08 21:40:39'),
	(7, 'Pettite Belicoso Press', '2021-04-08 21:40:39', '2021-04-08 21:40:39'),
	(8, 'Petite Belicoso', '2021-04-08 21:40:39', '2021-04-08 21:40:39'),
	(9, 'PETITE BELICOSO PRESS', '2021-04-08 21:40:39', '2021-04-08 21:40:39'),
	(10, 'Toro  Press', '2021-04-08 21:40:39', '2021-04-08 21:40:39'),
	(11, 'Sixty', '2021-04-08 21:40:39', '2021-04-08 21:40:39'),
	(12, 'Howitzer', '2021-04-08 21:40:39', '2021-04-08 21:40:39'),
	(13, 'Belicoso Grande', '2021-04-08 21:40:39', '2021-04-08 21:40:39'),
	(14, 'Torpedo', '2021-04-08 21:40:39', '2021-04-08 21:40:39'),
	(15, 'Bear', '2021-04-08 21:40:39', '2021-04-08 21:40:39'),
	(16, 'Gordo', '2021-04-08 21:40:39', '2021-04-08 21:40:39'),
	(17, 'Missile Torpedo', '2021-04-08 21:40:39', '2021-04-08 21:40:39'),
	(18, 'Vintage 1992', '2021-04-08 21:40:39', '2021-04-08 21:40:39'),
	(19, 'Rockchild', '2021-04-08 21:40:39', '2021-04-08 21:40:39'),
	(20, 'Piramide Press', '2021-04-08 21:40:39', '2021-04-08 21:40:39'),
	(21, 'Torpedo Press', '2021-04-08 21:40:39', '2021-04-08 21:40:39'),
	(22, 'Junior Vintage 1990', '2021-04-08 21:40:39', '2021-04-08 21:40:39'),
	(23, 'Robusto Grande Press', '2021-04-08 21:40:39', '2021-04-08 21:40:39'),
	(24, 'Gran Robusto', '2021-04-08 21:40:39', '2021-04-08 21:40:39'),
	(25, 'Petite Corona', '2021-04-08 21:40:39', '2021-04-08 21:40:39'),
	(26, 'Emperor Red.', '2021-04-08 21:40:39', '2021-04-08 21:40:39'),
	(27, 'Toro Semi Press', '2021-04-08 21:40:39', '2021-04-08 21:40:39'),
	(28, 'Gordo Round', '2021-04-08 21:40:39', '2021-04-08 21:40:39'),
	(29, 'Sixty Press', '2021-04-08 21:40:39', '2021-04-08 21:40:39'),
	(30, 'Corona', '2021-04-08 21:40:39', '2021-04-08 21:40:39'),
	(31, 'Churchill Shaggy', '2021-04-08 21:40:39', '2021-04-08 21:40:39'),
	(32, 'Battalion', '2021-04-08 21:40:39', '2021-04-08 21:40:39'),
	(33, 'B52', '2021-04-08 21:40:39', '2021-04-08 21:40:39'),
	(34, 'Double Corona', '2021-04-08 21:40:39', '2021-04-08 21:40:39'),
	(35, 'Toro Red.', '2021-04-08 21:40:39', '2021-04-08 21:40:39'),
	(36, 'Torpedo Red.', '2021-04-08 21:40:39', '2021-04-08 21:40:39'),
	(37, 'Sixty Red.', '2021-04-08 21:40:39', '2021-04-08 21:40:39'),
	(38, 'Churchill Red.', '2021-04-08 21:40:39', '2021-04-08 21:40:39'),
	(39, 'Grande', '2021-04-08 21:40:39', '2021-04-08 21:40:39'),
	(40, 'Sixty Con Moño', '2021-04-08 21:40:39', '2021-04-08 21:40:39'),
	(41, 'Robusto Con Moño', '2021-04-08 21:40:39', '2021-04-08 21:40:39'),
	(42, 'Lancero', '2021-04-08 21:40:39', '2021-04-08 21:40:39'),
	(43, 'Short Robusto', '2021-04-08 21:40:39', '2021-04-08 21:40:39'),
	(44, 'Rockchilde Press', '2021-04-08 21:40:39', '2021-04-08 21:40:39'),
	(45, 'Bison', '2021-04-08 21:40:39', '2021-04-08 21:40:39'),
	(46, 'Sungrown', '2021-04-08 21:40:39', '2021-04-08 21:40:39'),
	(47, 'Junior Vintage 1992', '2021-04-08 21:40:39', '2021-04-08 21:40:39'),
	(48, 'Junior Vintage 1999', '2021-04-08 21:40:39', '2021-04-08 21:40:39'),
	(49, 'Lonsdale', '2021-04-08 21:40:39', '2021-04-08 21:40:39'),
	(50, 'Pyramide', '2021-04-08 21:40:39', '2021-04-08 21:40:39'),
	(51, 'Churchill Press', '2021-04-08 21:40:39', '2021-04-08 21:40:39'),
	(52, 'Forty Six Press', '2021-04-08 21:40:39', '2021-04-08 21:40:39'),
	(53, 'Vintage 1990', '2021-04-08 21:40:39', '2021-04-08 21:40:39'),
	(54, '652 (Toro)', '2021-04-08 21:40:39', '2021-04-08 21:40:39'),
	(55, 'Pyramid', '2021-04-08 21:40:39', '2021-04-08 21:40:39'),
	(56, 'Short Gordo', '2021-04-08 21:40:39', '2021-04-08 21:40:39'),
	(57, 'Toro Grande', '2021-04-08 21:40:39', '2021-04-08 21:40:39'),
	(58, 'CORONA RED.', '2021-04-08 21:40:39', '2021-04-08 21:40:39'),
	(59, 'BELICOSO RED.', '2021-04-08 21:40:39', '2021-04-08 21:40:39'),
	(60, 'Junior', '2021-04-08 21:40:39', '2021-04-08 21:40:39'),
	(61, 'Perfecto', '2021-04-08 21:40:39', '2021-04-08 21:40:39'),
	(62, 'Vintage 1999', '2021-04-08 21:40:39', '2021-04-08 21:40:39'),
	(63, 'Lancero Red.', '2021-04-08 21:40:39', '2021-04-08 21:40:39'),
	(64, 'Vintage 2003', '2021-04-08 21:40:39', '2021-04-08 21:40:39'),
	(65, 'Robusto Cidbones', '2021-04-08 21:40:39', '2021-04-08 21:40:39'),
	(66, 'Toro Jawbones', '2021-04-08 21:40:39', '2021-04-08 21:40:39'),
	(67, 'Rockchilde', '2021-04-08 21:40:39', '2021-04-08 21:40:39'),
	(68, 'Super Toro Red.', '2021-04-08 21:40:40', '2021-04-08 21:40:40'),
	(69, 'Super Toro', '2021-04-08 21:40:40', '2021-04-08 21:40:40'),
	(70, 'Lancero Press', '2021-04-08 21:40:40', '2021-04-08 21:40:40'),
	(71, 'VARIADO', '2021-04-08 21:40:40', '2021-04-08 21:40:40'),
	(72, '6-1/2X52', '2021-04-08 21:40:40', '2021-04-08 21:40:40'),
	(73, 'Corona Grande Press', '2021-04-08 21:40:40', '2021-04-08 21:40:40'),
	(74, 'Double Corona Press', '2021-04-08 21:40:40', '2021-04-08 21:40:40'),
	(75, 'Toro Deluxe Tubo', '2021-04-08 21:40:40', '2021-04-08 21:40:40'),
	(76, 'Robusto Tubo', '2021-04-08 21:40:40', '2021-04-08 21:40:40'),
	(77, 'Toro Tubo', '2021-04-08 21:40:40', '2021-04-08 21:40:40'),
	(78, 'Corona Press', '2021-04-08 21:40:40', '2021-04-08 21:40:40'),
	(79, 'Robusto Semi Press', '2021-04-08 21:40:40', '2021-04-08 21:40:40'),
	(80, 'Grand Robusto', '2021-04-08 21:40:40', '2021-04-08 21:40:40');
/*!40000 ALTER TABLE `nombre_productos` ENABLE KEYS */;

-- Volcando datos para la tabla facturacion_plasencia.orden_productos: 251 rows
/*!40000 ALTER TABLE `orden_productos` DISABLE KEYS */;
INSERT INTO `orden_productos` (`id_orden`, `orden`, `created_at`, `updated_at`) VALUES
	(1, 'HON-2071', '2021-04-08 21:40:37', '2021-04-08 21:40:37'),
	(2, 'HON-2285', '2021-04-08 21:40:37', '2021-04-08 21:40:37'),
	(3, 'HON-2289', '2021-04-08 21:40:37', '2021-04-08 21:40:37'),
	(4, 'FTT-1258', '2021-04-08 21:40:37', '2021-04-08 21:40:37'),
	(5, 'FTT-1257', '2021-04-08 21:40:37', '2021-04-08 21:40:37'),
	(6, 'INT-H-1074-W', '2021-04-08 21:40:37', '2021-04-08 21:40:37'),
	(7, 'INT-H-1069', '2021-04-08 21:40:37', '2021-04-08 21:40:37'),
	(8, 'INT-H-1082', '2021-04-08 21:40:37', '2021-04-08 21:40:37'),
	(9, 'INT-H-1062', '2021-04-08 21:40:37', '2021-04-08 21:40:37'),
	(10, 'INT-H-1094-W', '2021-04-08 21:40:37', '2021-04-08 21:40:37'),
	(11, 'INT-H-1107', '2021-04-08 21:40:37', '2021-04-08 21:40:37'),
	(12, 'INT-H-1118', '2021-04-08 21:40:37', '2021-04-08 21:40:37'),
	(13, 'INT-H-1122-W', '2021-04-08 21:40:37', '2021-04-08 21:40:37'),
	(14, 'INT-H-1120-W', '2021-04-08 21:40:37', '2021-04-08 21:40:37'),
	(15, 'HON-2654', '2021-04-08 21:40:37', '2021-04-08 21:40:37'),
	(16, 'INT-H-1126', '2021-04-08 21:40:37', '2021-04-08 21:40:37'),
	(17, 'INT-H-1130-W', '2021-04-08 21:40:37', '2021-04-08 21:40:37'),
	(18, 'HON-2781', '2021-04-08 21:40:37', '2021-04-08 21:40:37'),
	(19, 'HON-2847', '2021-04-08 21:40:37', '2021-04-08 21:40:37'),
	(20, 'INT-H-1158-W', '2021-04-08 21:40:37', '2021-04-08 21:40:37'),
	(21, 'INT-H-1161-W', '2021-04-08 21:40:37', '2021-04-08 21:40:37'),
	(22, 'HON-2889', '2021-04-08 21:40:37', '2021-04-08 21:40:37'),
	(23, 'FTT-1394', '2021-04-08 21:40:37', '2021-04-08 21:40:37'),
	(24, 'INT-H-1166-W', '2021-04-08 21:40:37', '2021-04-08 21:40:37'),
	(25, 'HON-2915', '2021-04-08 21:40:37', '2021-04-08 21:40:37'),
	(26, 'HON-2944', '2021-04-08 21:40:37', '2021-04-08 21:40:37'),
	(27, 'HON-2921', '2021-04-08 21:40:37', '2021-04-08 21:40:37'),
	(28, 'HON-2941', '2021-04-08 21:40:37', '2021-04-08 21:40:37'),
	(29, 'HON-2931', '2021-04-08 21:40:37', '2021-04-08 21:40:37'),
	(30, 'HON-2955', '2021-04-08 21:40:37', '2021-04-08 21:40:37'),
	(31, 'FTT-1421', '2021-04-08 21:40:37', '2021-04-08 21:40:37'),
	(32, 'FTT-1436', '2021-04-08 21:40:37', '2021-04-08 21:40:37'),
	(33, 'FTT-1419', '2021-04-08 21:40:37', '2021-04-08 21:40:37'),
	(34, 'HON-2956', '2021-04-08 21:40:37', '2021-04-08 21:40:37'),
	(35, 'FTT-1418', '2021-04-08 21:40:37', '2021-04-08 21:40:37'),
	(36, 'HON-2992', '2021-04-08 21:40:37', '2021-04-08 21:40:37'),
	(37, 'HON-2971', '2021-04-08 21:40:37', '2021-04-08 21:40:37'),
	(38, 'HON-2979', '2021-04-08 21:40:37', '2021-04-08 21:40:37'),
	(39, 'FTT-1425', '2021-04-08 21:40:37', '2021-04-08 21:40:37'),
	(40, 'HON-2969', '2021-04-08 21:40:37', '2021-04-08 21:40:37'),
	(41, 'HON-2961', '2021-04-08 21:40:37', '2021-04-08 21:40:37'),
	(42, 'HON-2976', '2021-04-08 21:40:37', '2021-04-08 21:40:37'),
	(43, 'HON-2986', '2021-04-08 21:40:37', '2021-04-08 21:40:37'),
	(44, 'HON-2970', '2021-04-08 21:40:37', '2021-04-08 21:40:37'),
	(45, 'HON-2977', '2021-04-08 21:40:37', '2021-04-08 21:40:37'),
	(46, 'HON-2959', '2021-04-08 21:40:37', '2021-04-08 21:40:37'),
	(47, 'FTT-1430', '2021-04-08 21:40:37', '2021-04-08 21:40:37'),
	(48, 'HON-2984', '2021-04-08 21:40:37', '2021-04-08 21:40:37'),
	(49, 'FTT-1428', '2021-04-08 21:40:37', '2021-04-08 21:40:37'),
	(50, 'HON-2987', '2021-04-08 21:40:37', '2021-04-08 21:40:37'),
	(51, 'INT-H-1191-W', '2021-04-08 21:40:37', '2021-04-08 21:40:37'),
	(52, 'INT-H-1190', '2021-04-08 21:40:37', '2021-04-08 21:40:37'),
	(53, 'HON-3011', '2021-04-08 21:40:37', '2021-04-08 21:40:37'),
	(54, 'HON-3002', '2021-04-08 21:40:37', '2021-04-08 21:40:37'),
	(55, 'HON-3000', '2021-04-08 21:40:37', '2021-04-08 21:40:37'),
	(56, 'HON-3004', '2021-04-08 21:40:37', '2021-04-08 21:40:37'),
	(57, 'HON-3003', '2021-04-08 21:40:37', '2021-04-08 21:40:37'),
	(58, 'HON-2999', '2021-04-08 21:40:37', '2021-04-08 21:40:37'),
	(59, 'HON-3015', '2021-04-08 21:40:37', '2021-04-08 21:40:37'),
	(60, 'HON-2997', '2021-04-08 21:40:37', '2021-04-08 21:40:37'),
	(61, 'HON-3017', '2021-04-08 21:40:37', '2021-04-08 21:40:37'),
	(62, 'HON-3010', '2021-04-08 21:40:37', '2021-04-08 21:40:37'),
	(63, 'HON-3009', '2021-04-08 21:40:37', '2021-04-08 21:40:37'),
	(64, 'FTT-1438', '2021-04-08 21:40:37', '2021-04-08 21:40:37'),
	(65, 'HON-3005', '2021-04-08 21:40:37', '2021-04-08 21:40:37'),
	(66, 'HON-3030', '2021-04-08 21:40:37', '2021-04-08 21:40:37'),
	(67, 'HON-3039', '2021-04-08 21:40:37', '2021-04-08 21:40:37'),
	(68, 'HON-3032', '2021-04-08 21:40:37', '2021-04-08 21:40:37'),
	(69, 'HON-3037', '2021-04-08 21:40:37', '2021-04-08 21:40:37'),
	(70, 'HON-3031', '2021-04-08 21:40:37', '2021-04-08 21:40:37'),
	(71, 'HON-3028', '2021-04-08 21:40:37', '2021-04-08 21:40:37'),
	(72, 'HON-3035', '2021-04-08 21:40:37', '2021-04-08 21:40:37'),
	(73, 'FTT-1440', '2021-04-08 21:40:37', '2021-04-08 21:40:37'),
	(74, 'FTT-1444', '2021-04-08 21:40:37', '2021-04-08 21:40:37'),
	(75, 'FTT-1447', '2021-04-08 21:40:37', '2021-04-08 21:40:37'),
	(76, 'HON-3026', '2021-04-08 21:40:37', '2021-04-08 21:40:37'),
	(77, 'HON-3036', '2021-04-08 21:40:37', '2021-04-08 21:40:37'),
	(78, 'HON-3041', '2021-04-08 21:40:37', '2021-04-08 21:40:37'),
	(79, 'INT-H-1201', '2021-04-08 21:40:37', '2021-04-08 21:40:37'),
	(80, 'INT-H-1200', '2021-04-08 21:40:37', '2021-04-08 21:40:37'),
	(81, 'INT-H-1206', '2021-04-08 21:40:37', '2021-04-08 21:40:37'),
	(82, 'INT-H-1207', '2021-04-08 21:40:37', '2021-04-08 21:40:37'),
	(83, 'INT-H-1209', '2021-04-08 21:40:37', '2021-04-08 21:40:37'),
	(84, 'FTT-1442', '2021-04-08 21:40:37', '2021-04-08 21:40:37'),
	(85, 'HON-3029', '2021-04-08 21:40:37', '2021-04-08 21:40:37'),
	(86, 'HON-3042', '2021-04-08 21:40:37', '2021-04-08 21:40:37'),
	(87, 'HON-3024', '2021-04-08 21:40:37', '2021-04-08 21:40:37'),
	(88, 'FTT-1446', '2021-04-08 21:40:37', '2021-04-08 21:40:37'),
	(89, 'HON-3027', '2021-04-08 21:40:37', '2021-04-08 21:40:37'),
	(90, 'HON-3021', '2021-04-08 21:40:37', '2021-04-08 21:40:37'),
	(91, 'HON-3022', '2021-04-08 21:40:37', '2021-04-08 21:40:37'),
	(92, 'HON-3038', '2021-04-08 21:40:37', '2021-04-08 21:40:37'),
	(93, 'HON-3020', '2021-04-08 21:40:37', '2021-04-08 21:40:37'),
	(94, 'HON-3023', '2021-04-08 21:40:37', '2021-04-08 21:40:37'),
	(95, 'HON-3063', '2021-04-08 21:40:37', '2021-04-08 21:40:37'),
	(96, 'HON-3056', '2021-04-08 21:40:37', '2021-04-08 21:40:37'),
	(97, 'HON-3055', '2021-04-08 21:40:37', '2021-04-08 21:40:37'),
	(98, 'HON-3047', '2021-04-08 21:40:37', '2021-04-08 21:40:37'),
	(99, 'HON-3053', '2021-04-08 21:40:37', '2021-04-08 21:40:37'),
	(100, 'HON-3054', '2021-04-08 21:40:37', '2021-04-08 21:40:37'),
	(101, 'HON-3043', '2021-04-08 21:40:37', '2021-04-08 21:40:37'),
	(102, 'HON-3050', '2021-04-08 21:40:37', '2021-04-08 21:40:37'),
	(103, 'HON-3064', '2021-04-08 21:40:37', '2021-04-08 21:40:37'),
	(104, 'HON-3058', '2021-04-08 21:40:37', '2021-04-08 21:40:37'),
	(105, 'FTT-1452', '2021-04-08 21:40:37', '2021-04-08 21:40:37'),
	(106, 'HON-3045', '2021-04-08 21:40:37', '2021-04-08 21:40:37'),
	(107, 'HON-3049', '2021-04-08 21:40:37', '2021-04-08 21:40:37'),
	(108, 'HON-3062', '2021-04-08 21:40:37', '2021-04-08 21:40:37'),
	(109, 'HON-3057', '2021-04-08 21:40:37', '2021-04-08 21:40:37'),
	(110, 'HON-3059', '2021-04-08 21:40:37', '2021-04-08 21:40:37'),
	(111, 'HON-3061', '2021-04-08 21:40:37', '2021-04-08 21:40:37'),
	(112, 'HON-3067', '2021-04-08 21:40:37', '2021-04-08 21:40:37'),
	(113, 'HON-3052', '2021-04-08 21:40:37', '2021-04-08 21:40:37'),
	(114, 'HON-3060', '2021-04-08 21:40:37', '2021-04-08 21:40:37'),
	(115, 'HON-3066', '2021-04-08 21:40:37', '2021-04-08 21:40:37'),
	(116, 'HON-3051', '2021-04-08 21:40:37', '2021-04-08 21:40:37'),
	(117, 'FTT-1450', '2021-04-08 21:40:37', '2021-04-08 21:40:37'),
	(118, 'FTT-1449', '2021-04-08 21:40:37', '2021-04-08 21:40:37'),
	(119, 'FTT-1448', '2021-04-08 21:40:37', '2021-04-08 21:40:37'),
	(120, 'HON-1450', '2021-04-08 21:40:37', '2021-04-08 21:40:37'),
	(121, 'HON-3046', '2021-04-08 21:40:37', '2021-04-08 21:40:37'),
	(122, 'INT-H-1210', '2021-04-08 21:40:37', '2021-04-08 21:40:37'),
	(123, 'INT-H-1213', '2021-04-08 21:40:37', '2021-04-08 21:40:37'),
	(124, 'INT-H-1212', '2021-04-08 21:40:37', '2021-04-08 21:40:37'),
	(125, 'INT-H-1214-W', '2021-04-08 21:40:37', '2021-04-08 21:40:37'),
	(126, 'INT-H-1216', '2021-04-08 21:40:37', '2021-04-08 21:40:37'),
	(127, 'INT-H-1211', '2021-04-08 21:40:37', '2021-04-08 21:40:37'),
	(128, 'HON-3048', '2021-04-08 21:40:37', '2021-04-08 21:40:37'),
	(129, 'HON-3044', '2021-04-08 21:40:37', '2021-04-08 21:40:37'),
	(130, 'HON-3076', '2021-04-08 21:40:37', '2021-04-08 21:40:37'),
	(131, 'HON-3075', '2021-04-08 21:40:37', '2021-04-08 21:40:37'),
	(132, 'HON-3078', '2021-04-08 21:40:37', '2021-04-08 21:40:37'),
	(133, 'HON-3086', '2021-04-08 21:40:37', '2021-04-08 21:40:37'),
	(134, 'HON-3072', '2021-04-08 21:40:37', '2021-04-08 21:40:37'),
	(135, 'HON-3083', '2021-04-08 21:40:37', '2021-04-08 21:40:37'),
	(136, 'HON-3090', '2021-04-08 21:40:37', '2021-04-08 21:40:37'),
	(137, 'FTT-1458', '2021-04-08 21:40:37', '2021-04-08 21:40:37'),
	(138, 'HON-3070', '2021-04-08 21:40:37', '2021-04-08 21:40:37'),
	(139, 'HON-3088', '2021-04-08 21:40:37', '2021-04-08 21:40:37'),
	(140, 'HON-3068', '2021-04-08 21:40:37', '2021-04-08 21:40:37'),
	(141, 'HON-3073', '2021-04-08 21:40:37', '2021-04-08 21:40:37'),
	(142, 'HON-3074', '2021-04-08 21:40:37', '2021-04-08 21:40:37'),
	(143, 'HON-3069', '2021-04-08 21:40:37', '2021-04-08 21:40:37'),
	(144, 'FTT-1456', '2021-04-08 21:40:37', '2021-04-08 21:40:37'),
	(145, 'HON-3081', '2021-04-08 21:40:37', '2021-04-08 21:40:37'),
	(146, 'FTT-1457', '2021-04-08 21:40:37', '2021-04-08 21:40:37'),
	(147, 'FTT-1454', '2021-04-08 21:40:37', '2021-04-08 21:40:37'),
	(148, 'HON-3077', '2021-04-08 21:40:37', '2021-04-08 21:40:37'),
	(149, 'HON-3085', '2021-04-08 21:40:37', '2021-04-08 21:40:37'),
	(150, 'HON-3079', '2021-04-08 21:40:37', '2021-04-08 21:40:37'),
	(151, 'FTT-1455', '2021-04-08 21:40:38', '2021-04-08 21:40:38'),
	(152, 'HON-3082', '2021-04-08 21:40:38', '2021-04-08 21:40:38'),
	(153, 'INT-H-1219-W', '2021-04-08 21:40:38', '2021-04-08 21:40:38'),
	(154, 'INT-H-1218', '2021-04-08 21:40:38', '2021-04-08 21:40:38'),
	(155, 'INT-H-1217', '2021-04-08 21:40:38', '2021-04-08 21:40:38'),
	(156, 'HON-3080', '2021-04-08 21:40:38', '2021-04-08 21:40:38'),
	(157, 'HON-3100', '2021-04-08 21:40:38', '2021-04-08 21:40:38'),
	(158, 'HON-3095', '2021-04-08 21:40:38', '2021-04-08 21:40:38'),
	(159, 'HON-3092', '2021-04-08 21:40:38', '2021-04-08 21:40:38'),
	(160, 'HON-3099', '2021-04-08 21:40:38', '2021-04-08 21:40:38'),
	(161, 'HON-3094', '2021-04-08 21:40:38', '2021-04-08 21:40:38'),
	(162, 'HON-3103', '2021-04-08 21:40:38', '2021-04-08 21:40:38'),
	(163, 'HON-3097', '2021-04-08 21:40:38', '2021-04-08 21:40:38'),
	(164, 'HON-3091', '2021-04-08 21:40:38', '2021-04-08 21:40:38'),
	(165, 'HON-3096', '2021-04-08 21:40:38', '2021-04-08 21:40:38'),
	(166, 'HON-3089', '2021-04-08 21:40:38', '2021-04-08 21:40:38'),
	(167, 'HON-3093', '2021-04-08 21:40:38', '2021-04-08 21:40:38'),
	(168, 'HON-3098', '2021-04-08 21:40:38', '2021-04-08 21:40:38'),
	(169, 'INT-H-1220', '2021-04-08 21:40:38', '2021-04-08 21:40:38'),
	(170, 'MUESTRAS', '2021-04-08 21:40:38', '2021-04-08 21:40:38'),
	(171, 'FTT-1468', '2021-04-08 21:40:38', '2021-04-08 21:40:38'),
	(172, 'FTT-1460', '2021-04-08 21:40:38', '2021-04-08 21:40:38'),
	(173, 'HON-3120', '2021-04-08 21:40:38', '2021-04-08 21:40:38'),
	(174, 'HON-3112', '2021-04-08 21:40:38', '2021-04-08 21:40:38'),
	(175, 'HON-3109', '2021-04-08 21:40:38', '2021-04-08 21:40:38'),
	(176, 'HON-3117', '2021-04-08 21:40:38', '2021-04-08 21:40:38'),
	(177, 'FTT-1464', '2021-04-08 21:40:38', '2021-04-08 21:40:38'),
	(178, 'HON-3113', '2021-04-08 21:40:38', '2021-04-08 21:40:38'),
	(179, 'HON-3108', '2021-04-08 21:40:38', '2021-04-08 21:40:38'),
	(180, 'HON-3116', '2021-04-08 21:40:38', '2021-04-08 21:40:38'),
	(181, 'HON-3118', '2021-04-08 21:40:38', '2021-04-08 21:40:38'),
	(182, 'HON-3121', '2021-04-08 21:40:38', '2021-04-08 21:40:38'),
	(183, 'HON-3101', '2021-04-08 21:40:38', '2021-04-08 21:40:38'),
	(184, 'HON-3102', '2021-04-08 21:40:38', '2021-04-08 21:40:38'),
	(185, 'INT-H-1229', '2021-04-08 21:40:38', '2021-04-08 21:40:38'),
	(186, 'INT-H-1231', '2021-04-08 21:40:38', '2021-04-08 21:40:38'),
	(187, 'HON-3106', '2021-04-08 21:40:38', '2021-04-08 21:40:38'),
	(188, 'HON-3111', '2021-04-08 21:40:38', '2021-04-08 21:40:38'),
	(189, 'INT-H-1232', '2021-04-08 21:40:38', '2021-04-08 21:40:38'),
	(190, 'HON-3110', '2021-04-08 21:40:38', '2021-04-08 21:40:38'),
	(191, 'FTT-1463', '2021-04-08 21:40:38', '2021-04-08 21:40:38'),
	(192, 'HON-3122', '2021-04-08 21:40:38', '2021-04-08 21:40:38'),
	(193, 'INT-H-1222', '2021-04-08 21:40:38', '2021-04-08 21:40:38'),
	(194, 'INT-H-1227', '2021-04-08 21:40:38', '2021-04-08 21:40:38'),
	(195, 'INT-H-1221', '2021-04-08 21:40:38', '2021-04-08 21:40:38'),
	(196, 'INT-H-1225', '2021-04-08 21:40:38', '2021-04-08 21:40:38'),
	(197, 'INT-H-1230', '2021-04-08 21:40:38', '2021-04-08 21:40:38'),
	(198, 'HON-3125', '2021-04-08 21:40:38', '2021-04-08 21:40:38'),
	(199, 'INT-H-1224', '2021-04-08 21:40:38', '2021-04-08 21:40:38'),
	(200, 'INT-H-1226', '2021-04-08 21:40:38', '2021-04-08 21:40:38'),
	(201, 'HON-3114', '2021-04-08 21:40:38', '2021-04-08 21:40:38'),
	(202, 'HON-3105', '2021-04-08 21:40:38', '2021-04-08 21:40:38'),
	(203, 'FTT-1462', '2021-04-08 21:40:38', '2021-04-08 21:40:38'),
	(204, 'FTT-1471', '2021-04-08 21:40:38', '2021-04-08 21:40:38'),
	(205, 'FTT-1467', '2021-04-08 21:40:38', '2021-04-08 21:40:38'),
	(206, 'HON-3119', '2021-04-08 21:40:38', '2021-04-08 21:40:38'),
	(207, 'FTT-1465', '2021-04-08 21:40:38', '2021-04-08 21:40:38'),
	(208, 'HON-3115', '2021-04-08 21:40:38', '2021-04-08 21:40:38'),
	(209, 'HON-3107', '2021-04-08 21:40:38', '2021-04-08 21:40:38'),
	(210, 'HON-3104', '2021-04-08 21:40:38', '2021-04-08 21:40:38'),
	(211, 'INT-H-1228', '2021-04-08 21:40:38', '2021-04-08 21:40:38'),
	(212, 'HON-3142', '2021-04-08 21:40:38', '2021-04-08 21:40:38'),
	(213, 'INT-H-1235', '2021-04-08 21:40:38', '2021-04-08 21:40:38'),
	(214, 'HON-3135', '2021-04-08 21:40:38', '2021-04-08 21:40:38'),
	(215, 'HON-3138', '2021-04-08 21:40:38', '2021-04-08 21:40:38'),
	(216, 'HON-3139', '2021-04-08 21:40:38', '2021-04-08 21:40:38'),
	(217, 'FTT-1472', '2021-04-08 21:40:38', '2021-04-08 21:40:38'),
	(218, 'HON-3130', '2021-04-08 21:40:38', '2021-04-08 21:40:38'),
	(219, 'HON-3131', '2021-04-08 21:40:38', '2021-04-08 21:40:38'),
	(220, 'HON-3141', '2021-04-08 21:40:38', '2021-04-08 21:40:38'),
	(221, 'INT-H-1239', '2021-04-08 21:40:38', '2021-04-08 21:40:38'),
	(222, 'INT-H-1238', '2021-04-08 21:40:38', '2021-04-08 21:40:38'),
	(223, 'HON-3136', '2021-04-08 21:40:38', '2021-04-08 21:40:38'),
	(224, 'INT-H-1233', '2021-04-08 21:40:38', '2021-04-08 21:40:38'),
	(225, 'FTT-1475', '2021-04-08 21:40:38', '2021-04-08 21:40:38'),
	(226, 'FTT-1479', '2021-04-08 21:40:38', '2021-04-08 21:40:38'),
	(227, 'INT-H-1234', '2021-04-08 21:40:38', '2021-04-08 21:40:38'),
	(228, 'FTT-1474', '2021-04-08 21:40:38', '2021-04-08 21:40:38'),
	(229, 'HON-3127', '2021-04-08 21:40:38', '2021-04-08 21:40:38'),
	(230, 'HON-3124', '2021-04-08 21:40:38', '2021-04-08 21:40:38'),
	(231, 'HON-3123', '2021-04-08 21:40:38', '2021-04-08 21:40:38'),
	(232, 'HON-3146', '2021-04-08 21:40:38', '2021-04-08 21:40:38'),
	(233, 'HON-3143', '2021-04-08 21:40:38', '2021-04-08 21:40:38'),
	(234, 'HON-3144', '2021-04-08 21:40:38', '2021-04-08 21:40:38'),
	(235, 'HON-3126', '2021-04-08 21:40:38', '2021-04-08 21:40:38'),
	(236, 'FTT-1484', '2021-04-08 21:40:38', '2021-04-08 21:40:38'),
	(237, 'HON-3140', '2021-04-08 21:40:38', '2021-04-08 21:40:38'),
	(238, 'FTT-1485', '2021-04-08 21:40:38', '2021-04-08 21:40:38'),
	(239, 'FTT-1477', '2021-04-08 21:40:38', '2021-04-08 21:40:38'),
	(240, 'HON-3128', '2021-04-08 21:40:38', '2021-04-08 21:40:38'),
	(241, 'HON-3129', '2021-04-08 21:40:38', '2021-04-08 21:40:38'),
	(242, 'INT-H-1241', '2021-04-08 21:40:38', '2021-04-08 21:40:38'),
	(243, 'INT-H-1236', '2021-04-08 21:40:38', '2021-04-08 21:40:38'),
	(244, 'INT-H-1237', '2021-04-08 21:40:38', '2021-04-08 21:40:38'),
	(245, 'HON-3132', '2021-04-08 21:40:38', '2021-04-08 21:40:38'),
	(246, 'FTT-1473', '2021-04-08 21:40:38', '2021-04-08 21:40:38'),
	(247, 'HON-3133', '2021-04-08 21:40:38', '2021-04-08 21:40:38'),
	(248, 'INT-H-1240', '2021-04-08 21:40:38', '2021-04-08 21:40:38'),
	(249, 'HON-3134', '2021-04-08 21:40:38', '2021-04-08 21:40:38'),
	(250, 'HON-3137', '2021-04-08 21:40:38', '2021-04-08 21:40:38'),
	(251, 'Oscar', '2021-04-08 21:40:38', '2021-04-08 21:40:38');
/*!40000 ALTER TABLE `orden_productos` ENABLE KEYS */;

-- Volcando datos para la tabla facturacion_plasencia.password_resets: 0 rows
/*!40000 ALTER TABLE `password_resets` DISABLE KEYS */;
/*!40000 ALTER TABLE `password_resets` ENABLE KEYS */;

-- Volcando datos para la tabla facturacion_plasencia.pedidos: 0 rows
/*!40000 ALTER TABLE `pedidos` DISABLE KEYS */;
/*!40000 ALTER TABLE `pedidos` ENABLE KEYS */;

-- Volcando datos para la tabla facturacion_plasencia.pendiente: 79 rows
/*!40000 ALTER TABLE `pendiente` DISABLE KEYS */;
INSERT INTO `pendiente` (`categoria`, `item`, `orden_del_sitema`, `observacion`, `presentacion`, `mes`, `orden`, `marca`, `vitola`, `nombre`, `capa`, `tipo_empaque`, `cello`, `pendiente`, `factura_del_mes`, `cantidad_enviada_mes`, `saldo`) VALUES
	(1, '00231000', '0', '0', '0', '2021-04-13', 226, 62, 15, 18, 3, 15, 1, 10000, 0, 0, 0),
	(1, '00303007', '0', '0', '0', '2021-04-13', 212, 67, 25, 2, 3, 4, 1, 1000, 0, 0, 0),
	(4, '00303007', '0', '0', '0', '2021-04-13', 243, 67, 25, 2, 3, 4, 1, 200, 0, 0, 0),
	(4, '00303007', '0', '0', '0', '2021-04-13', 222, 67, 25, 2, 3, 4, 1, 500, 0, 0, 0),
	(4, '00303007', '0', '0', '0', '2021-04-13', 221, 67, 25, 2, 3, 4, 1, 160, 0, 0, 0),
	(1, '00404000', '0', '0', '0', '2021-04-13', 212, 67, 3, 2, 3, 7, 3, 4400, 0, 0, 0),
	(1, '00405000', '0', '0', '0', '2021-04-13', 212, 67, 16, 14, 3, 7, 3, 400, 0, 0, 0),
	(1, '00408000', '0', '0', '0', '2021-04-13', 212, 67, 9, 40, 3, 7, 3, 400, 0, 0, 0),
	(4, '00408000', '0', '0', '0', '2021-04-13', 222, 67, 9, 40, 3, 7, 3, 140, 0, 0, 0),
	(4, '00503008', '0', '0', '0', '2021-04-13', 222, 51, 6, 43, 2, 7, 1, 400, 0, 0, 0),
	(1, '00504007', '0', '0', '0', '2021-04-13', 212, 51, 4, 2, 2, 18, 3, 12000, 0, 0, 0),
	(4, '00504007', '0', '0', '0', '2021-04-13', 213, 51, 4, 2, 2, 18, 3, 400, 0, 0, 0),
	(1, '00504033', '0', '0', '0', '2021-04-13', 212, 51, 4, 14, 3, 7, 1, 400, 0, 0, 0),
	(1, '00504042', '0', '0', '0', '2021-04-13', 214, 51, 9, 32, 2, 11, 1, 500, 0, 0, 0),
	(1, '00504102', '0', '0', '0', '2021-04-13', 212, 51, 22, 34, 5, 7, 1, 400, 0, 0, 0),
	(1, '00505002', '0', '0', '0', '2021-04-13', 212, 51, 4, 14, 5, 7, 3, 3600, 0, 0, 0),
	(1, '00505003', '0', '0', '0', '2021-04-13', 212, 51, 4, 14, 2, 7, 3, 3200, 0, 0, 0),
	(1, '00505006', '0', '0', '0', '2021-04-13', 212, 51, 4, 14, 5, 18, 3, 4000, 0, 0, 0),
	(1, '00505007', '0', '0', '0', '2021-04-13', 212, 51, 4, 14, 2, 18, 3, 2000, 0, 0, 0),
	(1, '00505019', '0', '0', '0', '2021-04-13', 212, 51, 4, 14, 3, 18, 1, 2000, 0, 0, 0),
	(1, '00508001', '0', '0', '0', '2021-04-13', 212, 51, 9, 32, 2, 7, 3, 7200, 0, 0, 0),
	(4, '00508001', '0', '0', '0', '2021-04-13', 221, 51, 9, 32, 2, 7, 3, 200, 0, 0, 0),
	(1, '00508003', '0', '0', '0', '2021-04-13', 212, 61, 9, 11, 1, 7, 1, 1200, 0, 0, 0),
	(1, '00508010', '0', '0', '0', '2021-04-13', 212, 51, 21, 33, 5, 19, 1, 1800, 0, 0, 0),
	(1, '00508011', '0', '0', '0', '2021-04-13', 212, 51, 21, 33, 2, 19, 1, 1200, 0, 0, 0),
	(4, '00508011', '0', '0', '0', '2021-04-13', 244, 51, 21, 33, 2, 19, 1, 300, 0, 0, 0),
	(1, '00508015', '0', '0', '0', '2021-04-13', 212, 51, 11, 12, 5, 4, 1, 600, 0, 0, 0),
	(1, '00508016', '0', '0', '0', '2021-04-13', 212, 51, 11, 12, 2, 4, 1, 1000, 0, 0, 0),
	(1, '00508017', '0', '0', '0', '2021-04-13', 212, 73, 11, 12, 6, 4, 1, 200, 0, 0, 0),
	(1, '00508022', '0', '0', '0', '2021-04-13', 212, 91, 9, 11, 10, 7, 1, 1200, 0, 0, 0),
	(1, '00605003', '0', '0', '0', '2021-04-13', 212, 51, 14, 17, 2, 13, 3, 1500, 0, 0, 0),
	(2, '00704004', '0', '0', '0', '2021-04-13', 215, 99, 4, 2, 6, 12, 1, 20000, 0, 0, 0),
	(1, '00712001', '0', '0', '0', '2021-04-13', 212, 99, 22, 34, 6, 21, 3, 1000, 0, 0, 0),
	(1, '00904038', '0', '0', '0', '2021-04-13', 212, 51, 4, 2, 2, 14, 1, NULL, 0, 0, 0),
	(2, '01104000', '0', '0', '0', '2021-04-13', 220, 59, 4, 3, 2, 13, 3, 1750, 0, 0, 0),
	(1, '01604010', '0', '0', '0', '2021-04-13', 212, 109, 24, 41, 1, 7, 1, 400, 0, 0, 0),
	(1, '01604011', '0', '0', '0', '2021-04-13', 212, 109, 3, 2, 1, 7, 1, 400, 0, 0, 0),
	(4, '01606677', '0', '0', '0', '2021-04-13', 213, 40, 9, 11, 5, 7, 1, 300, 0, 0, 0),
	(4, '01606677', '0', '0', '0', '2021-04-13', 221, 40, 9, 11, 5, 7, 1, 200, 0, 0, 0),
	(2, '01606872', '0', '0', '0', '2021-04-13', 217, 56, 4, 2, 6, 11, 1, 2500, 0, 0, 0),
	(4, '01607602', '0', '0', '0', '2021-04-13', 213, 95, 3, 2, 11, 7, 1, 160, 0, 0, 0),
	(4, '01607602', '0', '0', '0', '2021-04-13', 221, 95, 3, 2, 11, 7, 1, 200, 0, 0, 0),
	(4, '01607603', '0', '0', '0', '2021-04-13', 221, 95, 9, 11, 11, 7, 1, 200, 0, 0, 0),
	(1, '10104111', '0', '0', '0', '2021-04-13', 223, 90, 6, 44, 3, 7, 1, 500, 0, 0, 0),
	(1, '10104751', '0', '0', '0', '2021-04-13', 212, 101, 3, 35, 4, 7, 1, 4000, 0, 0, 0),
	(1, '10104752', '0', '0', '0', '2021-04-13', 212, 101, 16, 36, 4, 7, 1, 800, 0, 0, 0),
	(1, '10104754', '0', '0', '0', '2021-04-13', 212, 101, 9, 37, 4, 7, 1, 800, 0, 0, 0),
	(4, '10104754', '0', '0', '0', '2021-04-13', 244, 101, 9, 37, 4, 7, 1, 400, 0, 0, 0),
	(2, '10104775', '0', '0', '0', '2021-04-13', 215, 101, 3, 35, 4, 12, 1, 2000, 0, 0, 0),
	(3, '11707003', '0', '0', '0', '2021-04-13', 228, 138, 15, 48, 6, 17, 4, 32000, 0, 0, 0),
	(3, '11812002', '0', '0', '0', '2021-04-13', 218, 132, 9, 11, 6, 7, 1, 2000, 0, 0, 0),
	(3, '12003005', '0', '0', '0', '2021-04-13', 218, 133, 22, 34, 5, 7, 1, 1000, 0, 0, 0),
	(3, '12003007', '0', '0', '0', '2021-04-13', 218, 133, 22, 34, 2, 7, 1, 1000, 0, 0, 0),
	(3, '12003050', '0', '0', '0', '2021-04-13', 218, 105, 4, 2, 1, 7, 1, 4000, 0, 0, 0),
	(3, '12003051', '0', '0', '0', '2021-04-13', 218, 105, 4, 14, 1, 7, 1, 2000, 0, 0, 0),
	(3, '12005003', '0', '0', '0', '2021-04-13', 218, 133, 9, 11, 2, 7, 1, 2000, 0, 0, 0),
	(4, '12506001', '0', '0', '0', '2021-04-13', 213, 61, 4, 2, 1, 16, 1, 200, 0, 0, 0),
	(1, '12506010', '0', '0', '0', '2021-04-13', 214, 61, 4, 2, 1, 12, 1, 625, 0, 0, 0),
	(2, '12506011', '0', '0', '0', '2021-04-13', 245, 61, 4, 14, 1, 12, 1, 1000, 0, 0, 0),
	(1, '12506012', '0', '0', '0', '2021-04-13', 215, 61, 4, 2, 1, 11, 1, 10000, 0, 0, 0),
	(1, '12506020', '0', '0', '0', '2021-04-13', 212, 61, 4, 2, 1, 7, 1, 3200, 0, 0, 0),
	(1, '12506021', '0', '0', '0', '2021-04-13', 212, 61, 4, 14, 1, 7, 1, 3200, 0, 0, 0),
	(4, '12506021', '0', '0', '0', '2021-04-13', 222, 61, 4, 14, 1, 7, 1, 80, 0, 0, 0),
	(1, '20005001', '0', '0', '0', '2021-04-13', 212, 90, 3, 3, 3, 7, 3, 8000, 0, 0, 0),
	(1, '20005002', '0', '0', '0', '2021-04-13', 212, 90, 3, 21, 3, 7, 3, 4800, 0, 0, 0),
	(1, '20005007', '0', '0', '0', '2021-04-13', 212, 90, 9, 26, 3, 7, 1, 1200, 0, 0, 0),
	(4, '20005007', '0', '0', '0', '2021-04-13', 222, 90, 9, 26, 3, 7, 1, 200, 0, 0, 0),
	(2, '47801420', '0', '0', '0', '2021-04-13', 217, 60, 1, 1, 8, 10, 1, 60000, 0, 0, 0),
	(2, '47801421', '0', '0', '0', '2021-04-13', 217, 60, 4, 2, 8, 10, 1, 60000, 0, 0, 0),
	(2, '47801892', '0', '0', '0', '2021-04-13', 220, 57, 9, 16, 1, 9, 1, 1600, 0, 0, 0),
	(1, '603004002', '0', '0', '0', '2021-04-13', 212, 88, 4, 3, 1, 7, 1, 1200, 0, 0, 0),
	(4, '603004002', '0', '0', '0', '2021-04-13', 213, 88, 4, 3, 1, 7, 1, 240, 0, 0, 0),
	(2, '603004023', '0', '0', '0', '2021-04-13', 214, 88, 4, 3, 1, 12, 1, 1250, 0, 0, 0),
	(2, '603004023', '0', '0', '0', '2021-04-13', 215, 88, 4, 3, 1, 12, 1, 5000, 0, 0, 0),
	(1, '603005750', '0', '0', '0', '2021-04-13', 212, 92, 2, 1, 1, 4, 1, 600, 0, 0, 0),
	(1, '603005751', '0', '0', '0', '2021-04-13', 212, 92, 4, 2, 1, 4, 1, 1200, 0, 0, 0),
	(1, '603005752', '0', '0', '0', '2021-04-13', 212, 92, 9, 11, 1, 4, 1, 400, 0, 0, 0),
	(1, '9900004020', '0', '0', '0', '2021-04-13', 230, 53, 3, 2, 1, 7, 1, 4000, 0, 0, 0),
	(1, '9900009111', '0', '0', '0', '2021-04-13', 230, 93, 3, 27, 2, 7, 1, 2000, 0, 0, 0);
/*!40000 ALTER TABLE `pendiente` ENABLE KEYS */;

-- Volcando datos para la tabla facturacion_plasencia.pendiente_embarque: 0 rows
/*!40000 ALTER TABLE `pendiente_embarque` DISABLE KEYS */;
/*!40000 ALTER TABLE `pendiente_embarque` ENABLE KEYS */;

-- Volcando datos para la tabla facturacion_plasencia.sample_datas: 2 rows
/*!40000 ALTER TABLE `sample_datas` DISABLE KEYS */;
INSERT INTO `sample_datas` (`id`, `first_name`, `last_name`, `gender`, `created_at`, `update_at`) VALUES
	(13, 'Karina', 'Sevilla', 3443, NULL, NULL),
	(14, 'Karina', 'Sevilla', 3443, NULL, NULL);
/*!40000 ALTER TABLE `sample_datas` ENABLE KEYS */;

-- Volcando datos para la tabla facturacion_plasencia.tbl_customer: 0 rows
/*!40000 ALTER TABLE `tbl_customer` DISABLE KEYS */;
/*!40000 ALTER TABLE `tbl_customer` ENABLE KEYS */;

-- Volcando datos para la tabla facturacion_plasencia.tipo_empaques: 26 rows
/*!40000 ALTER TABLE `tipo_empaques` DISABLE KEYS */;
INSERT INTO `tipo_empaques` (`id_tipo_empaque`, `tipo_empaque`, `created_at`, `updated_at`) VALUES
	(1, 'BOX 6', '2021-04-08 21:40:44', '2021-04-08 21:40:44'),
	(2, 'BOX 5', '2021-04-08 21:40:44', '2021-04-08 21:40:44'),
	(3, 'BOX 20', '2021-04-08 21:40:44', '2021-04-08 21:40:44'),
	(4, 'CAJAS 1/10', '2021-04-08 21:40:44', '2021-04-08 21:40:44'),
	(5, 'CAJAS 1/6', '2021-04-08 21:40:44', '2021-04-08 21:40:44'),
	(6, 'CAJAS 1/5', '2021-04-08 21:40:44', '2021-04-08 21:40:44'),
	(7, 'CAJAS 1/20', '2021-04-08 21:40:44', '2021-04-08 21:40:44'),
	(8, 'MAZOS 1/8', '2021-04-08 21:40:44', '2021-04-08 21:40:44'),
	(9, 'MAZOS 1/10', '2021-04-08 21:40:44', '2021-04-08 21:40:44'),
	(10, 'MAZOS 1/20', '2021-04-08 21:40:44', '2021-04-08 21:40:44'),
	(11, 'MAZOS 1/5', '2021-04-08 21:40:44', '2021-04-08 21:40:44'),
	(12, 'MAZOS 1/25', '2021-04-08 21:40:44', '2021-04-08 21:40:44'),
	(13, 'CAJAS 1/25', '2021-04-08 21:40:44', '2021-04-08 21:40:44'),
	(14, 'PK 4', '2021-04-08 21:40:44', '2021-04-08 21:40:44'),
	(15, 'TINS 1/5', '2021-04-08 21:40:44', '2021-04-08 21:40:44'),
	(16, 'CAJAS 1/100C', '2021-04-08 21:40:44', '2021-04-08 21:40:44'),
	(17, 'CAJA 1/40', '2021-04-08 21:40:44', '2021-04-08 21:40:44'),
	(18, 'CAJAS 1/100', '2021-04-08 21:40:44', '2021-04-08 21:40:44'),
	(19, 'CAJAS 1/30', '2021-04-08 21:40:44', '2021-04-08 21:40:44'),
	(20, 'MAZOS 1/16', '2021-04-08 21:40:44', '2021-04-08 21:40:44'),
	(21, 'CAJAS 1/50', '2021-04-08 21:40:44', '2021-04-08 21:40:44'),
	(22, 'MAZOS 1/15', '2021-04-08 21:40:44', '2021-04-08 21:40:44'),
	(23, 'Display 5', '2021-04-08 21:40:45', '2021-04-08 21:40:45'),
	(24, 'MAZOS 1/12', '2021-04-08 21:40:45', '2021-04-08 21:40:45'),
	(25, 'MAZOS 1/30', '2021-04-08 21:40:45', '2021-04-08 21:40:45'),
	(26, 'CAJAS 1/16', '2021-04-08 21:40:45', '2021-04-08 21:40:45');
/*!40000 ALTER TABLE `tipo_empaques` ENABLE KEYS */;

-- Volcando datos para la tabla facturacion_plasencia.users: 0 rows
/*!40000 ALTER TABLE `users` DISABLE KEYS */;
/*!40000 ALTER TABLE `users` ENABLE KEYS */;

-- Volcando datos para la tabla facturacion_plasencia.vehicles: 0 rows
/*!40000 ALTER TABLE `vehicles` DISABLE KEYS */;
/*!40000 ALTER TABLE `vehicles` ENABLE KEYS */;

-- Volcando datos para la tabla facturacion_plasencia.vitola_productos: 44 rows
/*!40000 ALTER TABLE `vitola_productos` DISABLE KEYS */;
INSERT INTO `vitola_productos` (`id_vitola`, `vitola`, `created_at`, `updated_at`) VALUES
	(1, '5X50', '2021-04-08 21:40:33', '2021-04-08 21:40:33'),
	(2, '5-1/2X50', '2021-04-08 21:40:33', '2021-04-08 21:40:33'),
	(3, '6-1/2X52', '2021-04-08 21:40:33', '2021-04-08 21:40:33'),
	(4, '6X52', '2021-04-08 21:40:33', '2021-04-08 21:40:33'),
	(5, '7X48', '2021-04-08 21:40:33', '2021-04-08 21:40:33'),
	(6, '4-1/2X54', '2021-04-08 21:40:33', '2021-04-08 21:40:33'),
	(7, '4-1/2X52', '2021-04-08 21:40:33', '2021-04-08 21:40:33'),
	(8, '5X52', '2021-04-08 21:40:33', '2021-04-08 21:40:33'),
	(9, '6X60', '2021-04-08 21:40:33', '2021-04-08 21:40:33'),
	(10, '6-1/2X53', '2021-04-08 21:40:33', '2021-04-08 21:40:33'),
	(11, '7X70', '2021-04-08 21:40:33', '2021-04-08 21:40:33'),
	(12, '5X58', '2021-04-08 21:40:33', '2021-04-08 21:40:33'),
	(13, '7X50', '2021-04-08 21:40:33', '2021-04-08 21:40:33'),
	(14, '5X48', '2021-04-08 21:40:33', '2021-04-08 21:40:33'),
	(15, '4X38', '2021-04-08 21:40:33', '2021-04-08 21:40:33'),
	(16, '6-1/4X52', '2021-04-08 21:40:33', '2021-04-08 21:40:33'),
	(17, '5X54', '2021-04-08 21:40:33', '2021-04-08 21:40:33'),
	(18, '5-1/2X54', '2021-04-08 21:40:33', '2021-04-08 21:40:33'),
	(19, '4-1/2X44', '2021-04-08 21:40:33', '2021-04-08 21:40:33'),
	(20, '6X44', '2021-04-08 21:40:33', '2021-04-08 21:40:33'),
	(21, '4-1/2X60', '2021-04-08 21:40:33', '2021-04-08 21:40:33'),
	(22, '7-1/2X52', '2021-04-08 21:40:33', '2021-04-08 21:40:33'),
	(23, '5-1/2X46', '2021-04-08 21:40:33', '2021-04-08 21:40:33'),
	(24, '5-1/2X52', '2021-04-08 21:40:33', '2021-04-08 21:40:33'),
	(25, '6X50', '2021-04-08 21:40:33', '2021-04-08 21:40:33'),
	(26, '7-1/2X38', '2021-04-08 21:40:33', '2021-04-08 21:40:33'),
	(27, '5-1/2X42', '2021-04-08 21:40:33', '2021-04-08 21:40:33'),
	(28, '4X54', '2021-04-08 21:40:33', '2021-04-08 21:40:33'),
	(29, '6-1/2X36X54 PIRAMIDE', '2021-04-08 21:40:33', '2021-04-08 21:40:33'),
	(30, '5-3/4X54', '2021-04-08 21:40:33', '2021-04-08 21:40:33'),
	(31, '7X49', '2021-04-08 21:40:33', '2021-04-08 21:40:33'),
	(32, '6-1/2X44', '2021-04-08 21:40:33', '2021-04-08 21:40:33'),
	(33, '5-1/2X44', '2021-04-08 21:40:33', '2021-04-08 21:40:33'),
	(34, '4-1/2X46', '2021-04-08 21:40:33', '2021-04-08 21:40:33'),
	(35, '5X60', '2021-04-08 21:40:33', '2021-04-08 21:40:33'),
	(36, '6-1/2X54', '2021-04-08 21:40:33', '2021-04-08 21:40:33'),
	(37, '4X48', '2021-04-08 21:40:33', '2021-04-08 21:40:33'),
	(38, '6X58', '2021-04-08 21:40:33', '2021-04-08 21:40:33'),
	(39, '7X38', '2021-04-08 21:40:33', '2021-04-08 21:40:33'),
	(40, 'VARIADO', '2021-04-08 21:40:34', '2021-04-08 21:40:34'),
	(41, 'Toro Red.', '2021-04-08 21:40:34', '2021-04-08 21:40:34'),
	(42, '7-1/2X54', '2021-04-08 21:40:34', '2021-04-08 21:40:34'),
	(43, '6-1/2X48', '2021-04-08 21:40:34', '2021-04-08 21:40:34'),
	(44, '4-1/2X46X49', '2021-04-08 21:40:34', '2021-04-08 21:40:34');
/*!40000 ALTER TABLE `vitola_productos` ENABLE KEYS */;

/*!40101 SET SQL_MODE=IFNULL(@OLD_SQL_MODE, '') */;
/*!40014 SET FOREIGN_KEY_CHECKS=IF(@OLD_FOREIGN_KEY_CHECKS IS NULL, 1, @OLD_FOREIGN_KEY_CHECKS) */;
/*!40101 SET CHARACTER_SET_CLIENT=@OLD_CHARACTER_SET_CLIENT */;
